"route","title","word_count","canonical","robots","internal_links","external_links","classification","recommendation"
"1a0x1-afsc.html","1A0X1 US Air Force In-Flight Refueling | VeteranCareerPath","1303","https://veterancareerpath.com/mos/1a0x1.html","","373","0","canonicalized_duplicate","excluded from sitemap or redirected"
"1a1x1-afsc.html","1A1X1 US Air Force Flight Engineer | Civilian Career Guide 2026","1316","https://veterancareerpath.com/mos/1a1x1.html","","373","0","canonicalized_duplicate","excluded from sitemap or redirected"
"2t231-afsc.html","2T231 / 2T2X1 US Air Force Air Transportation | VeteranCareerPath","1316","https://veterancareerpath.com/2t231-afsc.html","","373","0","standard_page","keep"
"404.html","Page Not Found | Veteran Career Path","69","","noindex","6","0","noindex_or_legacy","excluded from sitemap or redirected"
"68w.html","68W Combat Medic Civilian Careers | VeteranCareerPath","5585","https://veterancareerpath.com/mos/68w.html","","398","0","resource_page","keep"
"_REDIRECT_TEMPLATE.html","Redirecting...","7","CANONICAL_URL","","0","0","thin_review","review for consolidation or noindex"
"_email-signup-snippet.html","","91","","","0","0","thin_review","review for consolidation or noindex"
"about.html","About Veteran Career Path | Built by a Veteran, for Veterans","1967","https://veterancareerpath.com/about.html","","382","0","standard_page","keep"
"admin.html","VCP Admin Panel","446","","noindex,nofollow","0","2","noindex_or_legacy","excluded from sitemap or redirected"
"affiliate/affiliate-blocks.html","","248","","","0","0","thin_review","review for consolidation or noindex"
"affiliate/email-capture-widget.html","","67","","","0","0","thin_review","review for consolidation or noindex"
"air-force-afsc-careers.html","Air Force AFSC Civilian Careers 2026 | All AFSC Codes","2378","https://veterancareerpath.com/air-force-afsc-careers.html","","525","0","resource_page","keep"
"alabama-veteran-benefits.html","Alabama Veteran Benefits 2026 | Tax-Free Retirement & Programs","2706","https://veterancareerpath.com/alabama-veteran-benefits.html","","391","0","state_benefits_sources_review","add official current state/VA sources or noindex"
"alaska-veteran-benefits.html","Alaska Veteran Benefits 2026 | Tax-Free & PFD Benefits","2672","https://veterancareerpath.com/alaska-veteran-benefits.html","","391","0","state_benefits_sources_review","add official current state/VA sources or noindex"
"app.html","Veteran Career Tools | AI Resume & Job Builder","1032","https://veterancareerpath.com/app.html","","370","0","resource_page","keep"
"arizona-veteran-benefits.html","Arizona Veteran Benefits 2026 | Relief Fund & Tax Benefits","2765","https://veterancareerpath.com/arizona-veteran-benefits.html","","391","0","state_benefits_sources_review","add official current state/VA sources or noindex"
"arkansas-veteran-benefits.html","Arkansas Veteran Benefits 2026 | Full Guide","2704","https://veterancareerpath.com/arkansas-veteran-benefits.html","","391","0","state_benefits_sources_review","add official current state/VA sources or noindex"
"army-35e-mos.html","35E US Army Counterintelligence Agent | VeteranCareerPath","1308","https://veterancareerpath.com/mos/35e.html","","373","0","canonicalized_duplicate","excluded from sitemap or redirected"
"army-35y-mos.html","35Y US Army Chief Intelligence Sergeant | VeteranCareerPath","1287","https://veterancareerpath.com/mos/35y.html","","373","0","canonicalized_duplicate","excluded from sitemap or redirected"
"army-mos-careers.html","Army MOS List 2026 | All 229 MOS Codes & Careers","3317","https://veterancareerpath.com/army-mos-careers.html","","621","0","resource_page","keep"
"blended-retirement-system-guide.html","Blended Retirement System (BRS) Guide 2026","1516","https://veterancareerpath.com/blended-retirement-system-guide.html","","390","0","resource_page","keep"
"blog/best-certifications-for-veterans.html","Best Certifications for Veterans 2026: Fast-Track Your Civilian Career | VeteranCareerPath","2977","https://veterancareerpath.com/blog/best-certifications-for-veterans.html","","368","0","standard_page","keep"
"blog/best-states-for-veterans-2026.html","Best States for Veterans 2026: Tax Benefits, Jobs & Quality of Life | VeteranCareerPath","3141","https://veterancareerpath.com/blog/best-states-for-veterans-2026.html","","369","0","resource_page","keep"
"blog/dity-pcs-move-calculator-guide.html","DITY (PPM) Move Calculator 2026 | How to Calculate Your PCS Entitlements","2009","https://veterancareerpath.com/blog/dity-pcs-move-calculator-guide.html","","101","0","tool_page","keep"
"blog/federal-jobs-for-veterans.html","Federal Jobs for Veterans: GS Pay Scale, Veterans Preference & How to Apply | VeteranCareerPath","1999","https://veterancareerpath.com/blog/federal-jobs-for-veterans.html","","65","0","standard_page","keep"
"blog/gi-bill-benefits-explained-2026.html","GI Bill Benefits Explained 2026: Post-9/11, Montgomery & How to Maximize | VeteranCareerPath","1793","https://veterancareerpath.com/blog/gi-bill-benefits-explained-2026.html","","46","0","resource_page","keep"
"blog/gs-grade-for-e5.html","What GS Grade Can an E-5 Get? Federal Pay Guide for NCOs | VeteranCareerPath","3705","https://veterancareerpath.com/blog/gs-grade-for-e5.html","","368","0","resource_page","keep"
"blog/how-to-file-va-disability-claim.html","How to File a VA Disability Claim in 2026: Step-by-Step Guide | VeteranCareerPath","2587","https://veterancareerpath.com/blog/how-to-file-va-disability-claim.html","","276","0","resource_page","keep"
"blog/index.html","Veteran Career Blog, Military to Civilian Transition Tips | VeteranCareerPath","1576","https://veterancareerpath.com/blog/","","357","0","canonicalized_duplicate","excluded from sitemap or redirected"
"blog/military-resume-mistakes.html","7 Military Resume Mistakes That Get Veterans Rejected (And How to Fix Them) | VeteranCareerPath","2676","https://veterancareerpath.com/blog/military-resume-mistakes.html","","368","0","resource_page","keep"
"blog/military-to-civilian-interview-tips.html","Military to Civilian Interview Tips: Stop Saying 'Roger That' to Recruiters | VeteranCareerPath","2052","https://veterancareerpath.com/blog/military-to-civilian-interview-tips.html","","75","0","resource_page","keep"
"blog/pact-act-veterans-guide-2026.html","PACT Act for Veterans 2026: Presumptive Conditions, Benefits & How to File | VeteranCareerPath","2017","https://veterancareerpath.com/blog/pact-act-veterans-guide-2026.html","","33","0","resource_page","keep"
"blog/security-clearance-jobs-after-military.html","Security Clearance Jobs After Military: Keep Your Clearance, Boost Your Salary | VeteranCareerPath","1890","https://veterancareerpath.com/blog/security-clearance-jobs-after-military.html","","39","0","standard_page","keep"
"blog/security-clearance-salary-boost.html","How Much Is Your Security Clearance Worth? 2026 Salary Data | VeteranCareerPath","2992","https://veterancareerpath.com/blog/security-clearance-salary-boost.html","","368","0","standard_page","keep"
"blog/skillbridge-best-programs.html","Best SkillBridge Programs in 2026: Top Companies and How to Apply | VeteranCareerPath","3321","https://veterancareerpath.com/blog/skillbridge-best-programs.html","","368","0","standard_page","keep"
"blog/va-disability-and-working.html","Can You Work While Receiving VA Disability? The Complete Truth | VeteranCareerPath","3253","https://veterancareerpath.com/blog/va-disability-and-working.html","","368","0","standard_page","keep"
"blog/va-disability-rating-explained.html","VA Disability Ratings Explained: How the VA Calculates Your Rating | VeteranCareerPath","2586","https://veterancareerpath.com/blog/va-disability-rating-explained.html","","272","0","standard_page","keep"
"blog/veteran-resume-guide-2026.html","Military to Civilian Resume Guide 2026 | Step-by-Step for Veterans","2534","https://veterancareerpath.com/blog/veteran-resume-guide-2026.html","","228","0","resource_page","keep"
"blog/veteran-small-business-grants-2026.html","Veteran Small Business Grants & Loans 2026: Free Money You're Missing | VeteranCareerPath","2076","https://veterancareerpath.com/blog/veteran-small-business-grants-2026.html","","45","0","standard_page","keep"
"blog/what-jobs-can-a-11b-get.html","11B Infantry: Civilian Careers That Actually Value Combat Experience | VeteranCareerPath","1337","https://veterancareerpath.com/blog/what-jobs-can-a-11b-get.html","","368","0","resource_page","keep"
"blog/what-jobs-can-a-68w-get.html","What Civilian Jobs Can a 68W (Combat Medic) Get? | VeteranCareerPath","1361","https://veterancareerpath.com/blog/what-jobs-can-a-68w-get.html","","368","0","standard_page","keep"
"california-veteran-benefits.html","California Veteran Benefits 2026 | CalVet Loans & Fee Waivers","2718","https://veterancareerpath.com/california-veteran-benefits.html","","391","0","state_benefits_sources_review","add official current state/VA sources or noindex"
"career-assessment-full.html","VCP PathFinder™ Pro | Military Career Intelligence Assessment","1192","https://veterancareerpath.com/career-assessment-full.html","","25","2","tool_page","keep"
"champva-guide.html","CHAMPVA Guide 2026 | VA Health Coverage for Dependents","1492","https://veterancareerpath.com/champva-guide.html","","390","0","resource_page","keep"
"character-discharge-upgrade.html","OTH Discharge Upgrade Guide 2026 | Free Steps","1636","https://veterancareerpath.com/character-discharge-upgrade.html","","390","0","resource_page","keep"
"clearance-job-match.html","Security Clearance Job Match | Veteran Career Path","1640","https://veterancareerpath.com/clearance-job-match.html","","370","1","standard_page","keep"
"clearance-jobs-guide.html","Cleared Jobs Guide 2026 | Security Clearance Careers","1620","https://veterancareerpath.com/clearance-jobs-guide.html","","390","0","resource_page","keep"
"coast-guard-rating-careers.html","Coast Guard Ratings & Career Guide 2026 | VeteranCareerPath","1639","https://veterancareerpath.com/coast-guard-rating-careers.html","","441","0","resource_page","keep"
"colorado-veteran-benefits.html","Colorado Veteran Benefits 2026 | Property Tax Exemptions & Benefits","2715","https://veterancareerpath.com/colorado-veteran-benefits.html","","391","0","state_benefits_sources_review","add official current state/VA sources or noindex"
"connecticut-veteran-benefits.html","Connecticut Veteran Benefits 2026 | Tax-Free Retirement & Programs","2706","https://veterancareerpath.com/connecticut-veteran-benefits.html","","391","0","state_benefits_sources_review","add official current state/VA sources or noindex"
"contact.html","Contact Us - Veteran Career Path","1310","https://veterancareerpath.com/contact.html","","390","2","standard_page","keep"
"dd214-decoder.html","DD-214 Decoder | Translate Your Military Service Record for Employers","2024","https://veterancareerpath.com/dd214-decoder.html","","371","2","standard_page","keep"
"delaware-veteran-benefits.html","Delaware Veteran Benefits 2026 | State Benefits & Programs","2685","https://veterancareerpath.com/delaware-veteran-benefits.html","","391","0","state_benefits_sources_review","add official current state/VA sources or noindex"
"ets-transition-checklist.html","Personalized ETS Transition Checklist 2026 | Military Separation","1718","https://veterancareerpath.com/ets-transition-checklist.html","","367","0","standard_page","keep"
"federal-gs-grade-estimator.html","Federal GS Grade Estimator 2026 | Military to GS Pay","1596","https://veterancareerpath.com/federal-gs-grade-estimator.html","","390","0","standard_page","keep"
"federal-jobs-search.html","Federal Jobs for Veterans 2026 | Search USAJobs by MOS","2409","https://veterancareerpath.com/federal-jobs-search.html","","404","0","standard_page","keep"
"federal-resume-builder-ai.html","Federal Resume AI Builder | Veteran Career Path","1344","https://veterancareerpath.com/tools-federal-resume.html","noindex,follow","370","1","noindex_or_legacy","excluded from sitemap or redirected"
"florida-veteran-benefits.html","Florida Veteran Benefits 2026 | Complete Guide","2733","https://veterancareerpath.com/florida-veteran-benefits.html","","391","0","state_benefits_sources_review","add official current state/VA sources or noindex"
"free-assessment.html","Redirecting to VCP PathFinder Lite","11","https://veterancareerpath.com/veteran-career-test.html","noindex, nofollow","1","0","noindex_or_legacy","excluded from sitemap or redirected"
"georgia-veteran-benefits.html","Georgia Veteran Benefits 2026 | VECTR Center & HERO Scholarship","2699","https://veterancareerpath.com/georgia-veteran-benefits.html","","391","0","state_benefits_sources_review","add official current state/VA sources or noindex"
"gi-bill-bah-maximizer.html","GI Bill BAH Maximizer 2026 | Maximize Housing Allowance","1603","https://veterancareerpath.com/gi-bill-bah-maximizer.html","","390","0","standard_page","keep"
"gi-bill-school-comparison.html","GI Bill School Comparison 2026 | Maximize Your Education","1928","https://veterancareerpath.com/gi-bill-school-comparison.html","","390","0","standard_page","keep"
"gi-bill-vs-vre-calculator.html","GI Bill vs VR&E Calculator 2026 | Which is Better?","1618","https://veterancareerpath.com/gi-bill-vs-vre-calculator.html","","390","0","tool_page","keep"
"gs-military-equivalent.html","GS Pay Scale to Military Rank Equivalent 2026 | Complete Comparison","2300","https://veterancareerpath.com/gs-military-equivalent.html","","376","1","standard_page","keep"
"hawaii-veteran-benefits.html","Hawaii Veteran Benefits 2026 | Tax-Free Retirement & Programs","2706","https://veterancareerpath.com/hawaii-veteran-benefits.html","","391","0","state_benefits_sources_review","add official current state/VA sources or noindex"
"idaho-veteran-benefits.html","Idaho Veteran Benefits 2026 | State Benefits & Programs","2685","https://veterancareerpath.com/idaho-veteran-benefits.html","","391","0","state_benefits_sources_review","add official current state/VA sources or noindex"
"illinois-veteran-benefits.html","Illinois Veteran Benefits 2026 | IVG Free Tuition & Tax Benefits","2762","https://veterancareerpath.com/illinois-veteran-benefits.html","","391","0","state_benefits_sources_review","add official current state/VA sources or noindex"
"index.html","Veteran Career Path | 800+ Free Resources for Military to Civilian Transition","3087","https://veterancareerpath.com/","","415","2","resource_page","keep"
"indiana-veteran-benefits.html","Indiana Veteran Benefits 2026 | State Benefits & Programs","2685","https://veterancareerpath.com/indiana-veteran-benefits.html","","391","0","state_benefits_sources_review","add official current state/VA sources or noindex"
"iowa-veteran-benefits.html","Iowa Veteran Benefits 2026 | Tax-Free Retirement & Programs","2706","https://veterancareerpath.com/iowa-veteran-benefits.html","","391","0","state_benefits_sources_review","add official current state/VA sources or noindex"
"kansas-veteran-benefits.html","Kansas Veteran Benefits 2026 | Tax-Free Retirement & Programs","2706","https://veterancareerpath.com/kansas-veteran-benefits.html","","391","0","state_benefits_sources_review","add official current state/VA sources or noindex"
"kentucky-veteran-benefits.html","Kentucky Veteran Benefits 2026 | Tax-Free Retirement & Programs","2706","https://veterancareerpath.com/kentucky-veteran-benefits.html","","391","0","state_benefits_sources_review","add official current state/VA sources or noindex"
"linkedin-profile-rewriter.html","LinkedIn Profile AI Rewriter | Veteran Career Path","2004","https://veterancareerpath.com/tools-linkedin-builder.html","noindex,follow","370","1","noindex_or_legacy","excluded from sitemap or redirected"
"louisiana-veteran-benefits.html","Louisiana Veteran Benefits 2026 | Tax-Free Retirement & Programs","2706","https://veterancareerpath.com/louisiana-veteran-benefits.html","","391","0","state_benefits_sources_review","add official current state/VA sources or noindex"
"maine-veteran-benefits.html","Maine Veteran Benefits 2026 | State Benefits & Programs","2685","https://veterancareerpath.com/maine-veteran-benefits.html","","391","0","state_benefits_sources_review","add official current state/VA sources or noindex"
"marine-corps-mos-careers.html","Marine Corps MOS Civilian Careers 2026 | USMC Careers","2283","https://veterancareerpath.com/marine-corps-mos-careers.html","","510","0","resource_page","keep"
"maryland-veteran-benefits.html","Maryland Veteran Benefits 2026 | State Benefits & Programs","2685","https://veterancareerpath.com/maryland-veteran-benefits.html","","391","0","state_benefits_sources_review","add official current state/VA sources or noindex"
"massachusetts-veteran-benefits.html","Massachusetts Veteran Benefits 2026 | Tax-Free Retirement & Programs","2706","https://veterancareerpath.com/massachusetts-veteran-benefits.html","","391","0","state_benefits_sources_review","add official current state/VA sources or noindex"
"michigan-veteran-benefits.html","Michigan Veteran Benefits 2026 | Veterans Trust Fund & Tuition Grants","2686","https://veterancareerpath.com/michigan-veteran-benefits.html","","391","0","state_benefits_sources_review","add official current state/VA sources or noindex"
"military-acronyms-civilian-guide.html","Military Acronyms to Civilian Guide 2026 | 500+ Terms","1871","https://veterancareerpath.com/military-acronyms-civilian-guide.html","","390","0","resource_page","keep"
"military-civilian-culture-guide.html","Military to Civilian Culture Guide 2026 | Bridging the Gap","3836","https://veterancareerpath.com/military-civilian-culture-guide.html","","391","0","resource_page","keep"
"military-civilian-resume.html","Military to Civilian Resume Guide 2026 | Free","1716","https://veterancareerpath.com/military-civilian-resume.html","","391","0","resource_page","keep"
"military-civilian-salary.html","Military vs Civilian Salary 2026 | Pay Comparison","1581","https://veterancareerpath.com/military-civilian-salary.html","","390","0","standard_page","keep"
"military-divorce-guide.html","Military Divorce Guide 2026 | SCRA, SBP, VA Benefits","1599","https://veterancareerpath.com/military-divorce-guide.html","","390","0","resource_page","keep"
"military-recall-policies.html","Military Recall Policies 2026 | IRR, Stop-Loss & Rights","3187","https://veterancareerpath.com/military-recall-policies.html","","389","0","standard_page","keep"
"military-retirement-pay-calculator.html","Military Retirement Pay Calculator 2026","1515","https://veterancareerpath.com/military-retirement-pay-calculator.html","","391","0","tool_page","keep"
"military-special-qualifications-civilian-guide.html","Military Special Qualifications to Civilian Careers | ASI, NEC, SQI, SEI Guide","4982","https://veterancareerpath.com/military-special-qualifications-civilian-guide.html","","394","2","resource_page","keep"
"military-spouse-resources.html","Military Spouse Resources 2026 | Career & Benefits","1575","https://veterancareerpath.com/military-spouse-resources.html","","390","0","resource_page","keep"
"military-to-federal-pay-chart.html","Military Rank to GS Pay Scale Equivalent 2025","1478","https://veterancareerpath.com/military-to-federal-pay-chart.html","","390","0","standard_page","keep"
"military-transition-guide.html","Military Transition Guide 2026 | ETS to Civilian Career","1995","https://veterancareerpath.com/military-transition-guide.html","","391","0","resource_page","keep"
"minnesota-veteran-benefits.html","Minnesota Veteran Benefits 2026 | State Benefits & Programs","2685","https://veterancareerpath.com/minnesota-veteran-benefits.html","","391","0","state_benefits_sources_review","add official current state/VA sources or noindex"
"mississippi-veteran-benefits.html","Mississippi Veteran Benefits 2026 | Tax-Free Retirement & Programs","2706","https://veterancareerpath.com/mississippi-veteran-benefits.html","","391","0","state_benefits_sources_review","add official current state/VA sources or noindex"
"missouri-veteran-benefits.html","Missouri Veteran Benefits 2026 | Tax-Free Retirement & Programs","2706","https://veterancareerpath.com/missouri-veteran-benefits.html","","391","0","state_benefits_sources_review","add official current state/VA sources or noindex"
"montana-veteran-benefits.html","Montana Veteran Benefits 2026 | State Benefits & Programs","2685","https://veterancareerpath.com/montana-veteran-benefits.html","","391","0","state_benefits_sources_review","add official current state/VA sources or noindex"
"mos-career-translator.html","MOS to Civilian Job Translator | Find Your Career Match","1956","https://veterancareerpath.com/mos-career-translator.html","","397","0","standard_page","keep"
"mos/0100.html","0100 Basic Admin and Finance Marine Civilian Careers by Rank | Veteran Career Path","576","https://veterancareerpath.com/mos/0100.html","","11","1","mos_reference","keep"
"mos/0111.html","0111 Administrative Specialist Civilian Careers by Rank | Veteran Career Path","548","https://veterancareerpath.com/mos/0111.html","","11","1","mos_reference","keep"
"mos/0121.html","0121 Personnel and Human Resources Specialist Civilian Careers by Rank | Veteran Career Path","581","https://veterancareerpath.com/mos/0121.html","","11","1","mos_reference","keep"
"mos/0161.html","0161 Postal Clerk Civilian Careers by Rank | Veteran Career Path","551","https://veterancareerpath.com/mos/0161.html","","11","1","mos_reference","keep"
"mos/0180.html","0180 Basic Personnel and Civilian Careers by Rank | Veteran Career Path","567","https://veterancareerpath.com/mos/0180.html","","11","1","mos_reference","keep"
"mos/0200.html","0200 Intelligence Marine Civilian Careers by Rank | Veteran Career Path","567","https://veterancareerpath.com/mos/0200.html","","11","1","mos_reference","keep"
"mos/0211.html","0211 Counterintelligence/HUMINT Specialist Civilian Careers by Rank | Veteran Career Path","567","https://veterancareerpath.com/mos/0211.html","","11","1","mos_reference","keep"
"mos/0231.html","0231 Intelligence Specialist Civilian Careers by Rank | Veteran Career Path","567","https://veterancareerpath.com/mos/0231.html","","11","1","mos_reference","keep"
"mos/0241.html","0241 Imagery Analysis Specialist Civilian Careers by Rank | Veteran Career Path","558","https://veterancareerpath.com/mos/0241.html","","11","1","mos_reference","keep"
"mos/0261.html","0261 Geographic Intelligence Civilian Careers by Rank | Veteran Career Path","567","https://veterancareerpath.com/mos/0261.html","","11","1","mos_reference","keep"
"mos/0291.html","0291 Intelligence Chief Civilian Careers by Rank | Veteran Career Path","563","https://veterancareerpath.com/mos/0291.html","","11","1","mos_reference","keep"
"mos/0300.html","0300 Basic Infantry Marine Civilian Careers by Rank | Veteran Career Path","550","https://veterancareerpath.com/mos/0300.html","","11","1","mos_reference","keep"
"mos/0311.html","0311 Rifleman Civilian Careers by Rank | Veteran Career Path","530","https://veterancareerpath.com/mos/0311.html","","11","1","mos_reference","keep"
"mos/0313.html","0313 Light Armored Reconnaissance Civilian Careers by Rank | Veteran Career Path","554","https://veterancareerpath.com/mos/0313.html","","11","1","mos_reference","keep"
"mos/0321.html","0321 Reconnaissance Marine Civilian Careers by Rank | Veteran Career Path","541","https://veterancareerpath.com/mos/0321.html","","11","1","mos_reference","keep"
"mos/0322.html","0322 Recon Marine Parachute/Dive Qualified Civilian Careers by Rank | Veteran Career Path","561","https://veterancareerpath.com/mos/0322.html","","11","1","mos_reference","keep"
"mos/0331.html","0331 Machine Gunner Civilian Careers by Rank | Veteran Career Path","551","https://veterancareerpath.com/mos/0331.html","","11","1","mos_reference","keep"
"mos/0341.html","0341 Mortarman Civilian Careers by Rank | Veteran Career Path","530","https://veterancareerpath.com/mos/0341.html","","11","1","mos_reference","keep"
"mos/0351.html","0351 Infantry Assaultman Civilian Careers by Rank | Veteran Career Path","540","https://veterancareerpath.com/mos/0351.html","","11","1","mos_reference","keep"
"mos/0352.html","0352 Anti-Tank Missileman Civilian Careers by Rank | Veteran Career Path","544","https://veterancareerpath.com/mos/0352.html","","11","1","mos_reference","keep"
"mos/0365.html","0365 Infantry Squad Leader Civilian Careers by Rank | Veteran Career Path","550","https://veterancareerpath.com/mos/0365.html","","11","1","mos_reference","keep"
"mos/0369.html","0369 Infantry Unit Leader Civilian Careers by Rank | Veteran Career Path","555","https://veterancareerpath.com/mos/0369.html","","11","1","mos_reference","keep"
"mos/0370.html","0370 Special Operations Officer Civilian Careers by Rank | Veteran Career Path","544","https://veterancareerpath.com/mos/0370.html","","11","1","mos_reference","keep"
"mos/0372.html","0372 Critical Skills Operator Civilian Careers by Rank | Veteran Career Path","551","https://veterancareerpath.com/mos/0372.html","","11","1","mos_reference","keep"
"mos/0400.html","0400 Basic Logistics Marine Civilian Careers by Rank | Veteran Career Path","569","https://veterancareerpath.com/mos/0400.html","","11","1","mos_reference","keep"
"mos/0411.html","0411 Maintenance Management Civilian Careers by Rank | Veteran Career Path","562","https://veterancareerpath.com/mos/0411.html","","11","1","mos_reference","keep"
"mos/0431.html","0431 Logistics/Embarkation Specialist Civilian Careers by Rank | Veteran Career Path","559","https://veterancareerpath.com/mos/0431.html","","11","1","mos_reference","keep"
"mos/0451.html","0451 Airborne and Air Delivery Specialist Civilian Careers by Rank | Veteran Career Path","572","https://veterancareerpath.com/mos/0451.html","","11","1","mos_reference","keep"
"mos/0600.html","0600 Basic Communications Marine Civilian Careers by Rank | Veteran Career Path","580","https://veterancareerpath.com/mos/0600.html","","11","1","mos_reference","keep"
"mos/0612.html","0612 Field Wireman Civilian Careers by Rank | Veteran Career Path","554","https://veterancareerpath.com/mos/0612.html","","11","1","mos_reference","keep"
"mos/0613.html","0613 Cable Systems and Wiring Civilian Careers by Rank | Veteran Career Path","590","https://veterancareerpath.com/mos/0613.html","","11","1","mos_reference","keep"
"mos/0614.html","0614 Telephone Technician Civilian Careers by Rank | Veteran Career Path","547","https://veterancareerpath.com/mos/0614.html","","11","1","mos_reference","keep"
"mos/0621.html","0621 Field Radio Operator Civilian Careers by Rank | Veteran Career Path","570","https://veterancareerpath.com/mos/0621.html","","11","1","mos_reference","keep"
"mos/0623.html","0623 Radio Chief Civilian Careers by Rank | Veteran Career Path","560","https://veterancareerpath.com/mos/0623.html","","11","1","mos_reference","keep"
"mos/0627.html","0627 Ground Mobile Forces Satellite Operator Civilian Careers by Rank | Veteran Career Path","590","https://veterancareerpath.com/mos/0627.html","","11","1","mos_reference","keep"
"mos/0631.html","0631 Network Administrator Civilian Careers by Rank | Veteran Career Path","560","https://veterancareerpath.com/mos/0631.html","","11","1","mos_reference","keep"
"mos/0651.html","0651 Cyber Network Operator Civilian Careers by Rank | Veteran Career Path","569","https://veterancareerpath.com/mos/0651.html","","11","1","mos_reference","keep"
"mos/0689.html","0689 Communications Chief Civilian Careers by Rank | Veteran Career Path","558","https://veterancareerpath.com/mos/0689.html","","11","1","mos_reference","keep"
"mos/0800.html","0800 Basic Field Artillery Marine Civilian Careers by Rank | Veteran Career Path","564","https://veterancareerpath.com/mos/0800.html","","11","1","mos_reference","keep"
"mos/0811.html","0811 Field Artillery Cannoneer Civilian Careers by Rank | Veteran Career Path","554","https://veterancareerpath.com/mos/0811.html","","11","1","mos_reference","keep"
"mos/0842.html","0842 Field Artillery Radar Operator Civilian Careers by Rank | Veteran Career Path","567","https://veterancareerpath.com/mos/0842.html","","11","1","mos_reference","keep"
"mos/0844.html","0844 Field Artillery Fire Control Civilian Careers by Rank | Veteran Career Path","564","https://veterancareerpath.com/mos/0844.html","","11","1","mos_reference","keep"
"mos/0847.html","0847 Artillery Meteorological Man Civilian Careers by Rank | Veteran Career Path","554","https://veterancareerpath.com/mos/0847.html","","11","1","mos_reference","keep"
"mos/0861.html","0861 Fire Support Marine Civilian Careers by Rank | Veteran Career Path","554","https://veterancareerpath.com/mos/0861.html","","11","1","mos_reference","keep"
"mos/0871.html","0871 Field Artillery Sensor Support Marine Civilian Careers by Rank | Veteran Career Path","574","https://veterancareerpath.com/mos/0871.html","","11","1","mos_reference","keep"
"mos/0911.html","0911 Drill Instructor Civilian Careers by Rank | Veteran Career Path","544","https://veterancareerpath.com/mos/0911.html","","11","1","mos_reference","keep"
"mos/0913.html","0913 Senior Drill Instructor Civilian Careers by Rank | Veteran Career Path","554","https://veterancareerpath.com/mos/0913.html","","11","1","mos_reference","keep"
"mos/1100.html","1100 Utilities Marine Civilian Careers by Rank | Veteran Career Path","618","https://veterancareerpath.com/mos/1100.html","","12","1","mos_reference","keep"
"mos/1141.html","1141 Electrician Civilian Careers by Rank | Veteran Career Path","602","https://veterancareerpath.com/mos/1141.html","","12","1","mos_reference","keep"
"mos/1142.html","1142 Electrical Equipment Repairer Civilian Careers by Rank | Veteran Career Path","567","https://veterancareerpath.com/mos/1142.html","","11","1","mos_reference","keep"
"mos/1161.html","1161 Refrigeration Mechanic Civilian Careers by Rank | Veteran Career Path","558","https://veterancareerpath.com/mos/1161.html","","11","1","mos_reference","keep"
"mos/11a.html","11A Infantry Officer Civilian Careers by Rank | Veteran Career Path","533","https://veterancareerpath.com/mos/11a.html","","11","1","mos_reference","keep"
"mos/11b.html","11B Infantryman Civilian Careers by Rank | Veteran Career Path","530","https://veterancareerpath.com/mos/11b.html","","11","1","mos_reference","keep"
"mos/11c.html","11C Indirect Fire Infantryman Civilian Careers by Rank | Veteran Career Path","550","https://veterancareerpath.com/mos/11c.html","","11","1","mos_reference","keep"
"mos/11z.html","11Z Infantry Senior Sergeant Civilian Careers by Rank | Veteran Career Path","557","https://veterancareerpath.com/mos/11z.html","","11","1","mos_reference","keep"
"mos/12a.html","12A Engineer Officer Civilian Careers by Rank | Veteran Career Path","611","https://veterancareerpath.com/mos/12a.html","","12","1","mos_reference","keep"
"mos/12b.html","12B Combat Engineer Civilian Careers by Rank | Veteran Career Path","609","https://veterancareerpath.com/mos/12b.html","","12","1","mos_reference","keep"
"mos/12c.html","12C Bridge Crewmember Civilian Careers by Rank | Veteran Career Path","617","https://veterancareerpath.com/mos/12c.html","","12","1","mos_reference","keep"
"mos/12d.html","12D Diver Civilian Careers by Rank | Veteran Career Path","531","https://veterancareerpath.com/mos/12d.html","","11","1","mos_reference","keep"
"mos/12g.html","12G Quarrying Specialist Civilian Careers by Rank | Veteran Career Path","542","https://veterancareerpath.com/mos/12g.html","","11","1","mos_reference","keep"
"mos/12h.html","12H Construction Engineering Civilian Careers by Rank | Veteran Career Path","619","https://veterancareerpath.com/mos/12h.html","","12","1","mos_reference","keep"
"mos/12k.html","12K Plumber Civilian Careers by Rank | Veteran Career Path","605","https://veterancareerpath.com/mos/12k.html","","12","1","mos_reference","keep"
"mos/12m.html","12M Firefighter Civilian Careers by Rank | Veteran Career Path","530","https://veterancareerpath.com/mos/12m.html","","11","1","mos_reference","keep"
"mos/12n.html","12N Horizontal Construction Engineer Civilian Careers by Rank | Veteran Career Path","629","https://veterancareerpath.com/mos/12n.html","","12","1","mos_reference","keep"
"mos/12p.html","12P Prime Power Production Specialist Civilian Careers by Rank | Veteran Career Path","575","https://veterancareerpath.com/mos/12p.html","","11","1","mos_reference","keep"
"mos/12q.html","12Q Transmission and Distribution Specialist Civilian Careers by Rank | Veteran Career Path","564","https://veterancareerpath.com/mos/12q.html","","11","1","mos_reference","keep"
"mos/12r.html","12R Interior Electrician Civilian Careers by Rank | Veteran Career Path","612","https://veterancareerpath.com/mos/12r.html","","12","1","mos_reference","keep"
"mos/12t.html","12T Technical Engineer Civilian Careers by Rank | Veteran Career Path","616","https://veterancareerpath.com/mos/12t.html","","12","1","mos_reference","keep"
"mos/12w.html","12W Carpentry and Masonry Specialist Civilian Careers by Rank | Veteran Career Path","560","https://veterancareerpath.com/mos/12w.html","","11","1","mos_reference","keep"
"mos/12y.html","12Y Geospatial Engineer Civilian Careers by Rank | Veteran Career Path","614","https://veterancareerpath.com/mos/12y.html","","12","1","mos_reference","keep"
"mos/1316.html","1316 Metal Worker Civilian Careers by Rank | Veteran Career Path","551","https://veterancareerpath.com/mos/1316.html","","11","1","mos_reference","keep"
"mos/1341.html","1341 Engineer Equipment Mechanic Civilian Careers by Rank | Veteran Career Path","629","https://veterancareerpath.com/mos/1341.html","","12","1","mos_reference","keep"
"mos/1345.html","1345 Engineer Equipment Operator Civilian Careers by Rank | Veteran Career Path","628","https://veterancareerpath.com/mos/1345.html","","12","1","mos_reference","keep"
"mos/1361.html","1361 Combat Engineer Civilian Careers by Rank | Veteran Career Path","616","https://veterancareerpath.com/mos/1361.html","","12","1","mos_reference","keep"
"mos/1371.html","1371 Combat Engineer Civilian Careers by Rank | Veteran Career Path","633","https://veterancareerpath.com/mos/1371.html","","12","1","mos_reference","keep"
"mos/13a.html","13A Field Artillery Officer Civilian Careers by Rank | Veteran Career Path","545","https://veterancareerpath.com/mos/13a.html","","11","1","mos_reference","keep"
"mos/13b.html","13B Cannon Crewmember Civilian Careers by Rank | Veteran Career Path","544","https://veterancareerpath.com/mos/13b.html","","11","1","mos_reference","keep"
"mos/13d.html","13D Field Artillery Automated Tactical Data Civilian Careers by Rank | Veteran Career Path","590","https://veterancareerpath.com/mos/13d.html","","11","1","mos_reference","keep"
"mos/13e.html","13E Cannon Fire Direction Specialist Civilian Careers by Rank | Veteran Career Path","564","https://veterancareerpath.com/mos/13e.html","","11","1","mos_reference","keep"
"mos/13f.html","13F Fire Support Specialist Civilian Careers by Rank | Veteran Career Path","554","https://veterancareerpath.com/mos/13f.html","","11","1","mos_reference","keep"
"mos/13j.html","13J Fire Control Specialist Civilian Careers by Rank | Veteran Career Path","554","https://veterancareerpath.com/mos/13j.html","","11","1","mos_reference","keep"
"mos/13m.html","13M Multiple Launch Rocket System Crewmember Civilian Careers by Rank | Veteran Career Path","574","https://veterancareerpath.com/mos/13m.html","","11","1","mos_reference","keep"
"mos/13p.html","13P MLRS Operations/Fire Direction Civilian Careers by Rank | Veteran Career Path","554","https://veterancareerpath.com/mos/13p.html","","11","1","mos_reference","keep"
"mos/13r.html","13R Field Artillery Firefinder Radar Operator Civilian Careers by Rank | Veteran Career Path","577","https://veterancareerpath.com/mos/13r.html","","11","1","mos_reference","keep"
"mos/13sxa.html","13SXA Space Operations Officer - Civilian Careers by Rank | Veteran Career Path","587","https://veterancareerpath.com/mos/13sxa.html","","11","1","mos_reference","keep"
"mos/13sxb.html","13SXB Space Operations Officer - Space Domain Civilian Careers by Rank | Veteran Career Path","607","https://veterancareerpath.com/mos/13sxb.html","","11","1","mos_reference","keep"
"mos/13sxc.html","13SXC Space Operations Officer - Civilian Careers by Rank | Veteran Career Path","587","https://veterancareerpath.com/mos/13sxc.html","","11","1","mos_reference","keep"
"mos/13sxd.html","13SXD Space Operations Officer - Command and Civilian Careers by Rank | Veteran Career Path","607","https://veterancareerpath.com/mos/13sxd.html","","11","1","mos_reference","keep"
"mos/13t.html","13T Field Artillery Surveyor/Meteorological Civilian Careers by Rank | Veteran Career Path","625","https://veterancareerpath.com/mos/13t.html","","12","1","mos_reference","keep"
"mos/13z.html","13Z Field Artillery Senior Sergeant Civilian Careers by Rank | Veteran Career Path","565","https://veterancareerpath.com/mos/13z.html","","11","1","mos_reference","keep"
"mos/14a.html","14A Air Defense Artillery Officer Civilian Careers by Rank | Veteran Career Path","555","https://veterancareerpath.com/mos/14a.html","","11","1","mos_reference","keep"
"mos/14e.html","14E Patriot Fire Control Enhanced Civilian Careers by Rank | Veteran Career Path","564","https://veterancareerpath.com/mos/14e.html","","11","1","mos_reference","keep"
"mos/14g.html","14G Air Defense Battle Management Civilian Careers by Rank | Veteran Career Path","564","https://veterancareerpath.com/mos/14g.html","","11","1","mos_reference","keep"
"mos/14h.html","14H Air Defense Enhanced Early Warning System Civilian Careers by Rank | Veteran Career Path","584","https://veterancareerpath.com/mos/14h.html","","11","1","mos_reference","keep"
"mos/14nx.html","14NX Intelligence Officer Civilian Careers by Rank | Veteran Career Path","567","https://veterancareerpath.com/mos/14nx.html","","11","1","mos_reference","keep"
"mos/14p.html","14P Air and Missile Defense Civilian Careers by Rank | Veteran Career Path","564","https://veterancareerpath.com/mos/14p.html","","11","1","mos_reference","keep"
"mos/14s.html","14S Avenger Crewmember Civilian Careers by Rank | Veteran Career Path","544","https://veterancareerpath.com/mos/14s.html","","11","1","mos_reference","keep"
"mos/14t.html","14T Patriot Launching Station Enhanced Civilian Careers by Rank | Veteran Career Path","564","https://veterancareerpath.com/mos/14t.html","","11","1","mos_reference","keep"
"mos/14z.html","14Z Air Defense Artillery Senior Sergeant Civilian Careers by Rank | Veteran Career Path","575","https://veterancareerpath.com/mos/14z.html","","11","1","mos_reference","keep"
"mos/15a.html","15A Aviation Officer Civilian Careers by Rank | Veteran Career Path","541","https://veterancareerpath.com/mos/15a.html","","11","1","mos_reference","keep"
"mos/15b.html","15B Aircraft Powerplant Repairer Civilian Careers by Rank | Veteran Career Path","565","https://veterancareerpath.com/mos/15b.html","","11","1","mos_reference","keep"
"mos/15c.html","15C Aviation Meteorological Equipment Civilian Careers by Rank | Veteran Career Path","555","https://veterancareerpath.com/mos/15c.html","","11","1","mos_reference","keep"
"mos/15d.html","15D Aircraft Powertrain Repairer Civilian Careers by Rank | Veteran Career Path","565","https://veterancareerpath.com/mos/15d.html","","11","1","mos_reference","keep"
"mos/15e.html","15E Unmanned Aircraft Systems Civilian Careers by Rank | Veteran Career Path","572","https://veterancareerpath.com/mos/15e.html","","11","1","mos_reference","keep"
"mos/15f.html","15F Aircraft Electrician Civilian Careers by Rank | Veteran Career Path","613","https://veterancareerpath.com/mos/15f.html","","12","1","mos_reference","keep"
"mos/15g.html","15G Aircraft Structural Repairer Civilian Careers by Rank | Veteran Career Path","565","https://veterancareerpath.com/mos/15g.html","","11","1","mos_reference","keep"
"mos/15h.html","15H Aircraft Pneudraulics Repairer Civilian Careers by Rank | Veteran Career Path","565","https://veterancareerpath.com/mos/15h.html","","11","1","mos_reference","keep"
"mos/15k.html","15K Aircraft Components Repair Supervisor Civilian Careers by Rank | Veteran Career Path","577","https://veterancareerpath.com/mos/15k.html","","11","1","mos_reference","keep"
"mos/15m.html","15M UH-1 Helicopter Repairer Civilian Careers by Rank | Veteran Career Path","565","https://veterancareerpath.com/mos/15m.html","","11","1","mos_reference","keep"
"mos/15n.html","15N Avionic Mechanic Civilian Careers by Rank | Veteran Career Path","552","https://veterancareerpath.com/mos/15n.html","","11","1","mos_reference","keep"
"mos/15p.html","15P Aviation Operations Specialist Civilian Careers by Rank | Veteran Career Path","552","https://veterancareerpath.com/mos/15p.html","","11","1","mos_reference","keep"
"mos/15q.html","15Q Air Traffic Control Operator Civilian Careers by Rank | Veteran Career Path","562","https://veterancareerpath.com/mos/15q.html","","11","1","mos_reference","keep"
"mos/15r.html","15R AH-64 Attack Helicopter Repairer Civilian Careers by Rank | Veteran Career Path","575","https://veterancareerpath.com/mos/15r.html","","11","1","mos_reference","keep"
"mos/15s.html","15S OH-58D Scout Helicopter Repairer Civilian Careers by Rank | Veteran Career Path","575","https://veterancareerpath.com/mos/15s.html","","11","1","mos_reference","keep"
"mos/15t.html","15T UH-60 Helicopter Repairer Civilian Careers by Rank | Veteran Career Path","565","https://veterancareerpath.com/mos/15t.html","","11","1","mos_reference","keep"
"mos/15u.html","15U CH-47 Helicopter Repairer Civilian Careers by Rank | Veteran Career Path","565","https://veterancareerpath.com/mos/15u.html","","11","1","mos_reference","keep"
"mos/15w.html","15W Unmanned Aircraft Systems Civilian Careers by Rank | Veteran Career Path","566","https://veterancareerpath.com/mos/15w.html","","11","1","mos_reference","keep"
"mos/15y.html","15Y AH-64D Civilian Careers by Rank | Veteran Career Path","531","https://veterancareerpath.com/mos/15y.html","","11","1","mos_reference","keep"
"mos/15z.html","15Z Aircraft Maintenance Senior Civilian Careers by Rank | Veteran Career Path","567","https://veterancareerpath.com/mos/15z.html","","11","1","mos_reference","keep"
"mos/17a.html","17A Cyber Warfare Officer Civilian Careers by Rank | Veteran Career Path","562","https://veterancareerpath.com/mos/17a.html","","11","1","mos_reference","keep"
"mos/17c.html","17C Cyber Operations Specialist Civilian Careers by Rank | Veteran Career Path","568","https://veterancareerpath.com/mos/17c.html","","11","1","mos_reference","keep"
"mos/17e.html","17E Electronic Warfare Specialist Civilian Careers by Rank | Veteran Career Path","552","https://veterancareerpath.com/mos/17e.html","","11","1","mos_reference","keep"
"mos/17sx.html","17SX Cyberspace Officer Civilian Careers by Rank | Veteran Career Path","567","https://veterancareerpath.com/mos/17sx.html","","11","1","mos_reference","keep"
"mos/1800.html","1800 Basic Tank and Assault Amphibian Marine Civilian Careers by Rank | Veteran Career Path","584","https://veterancareerpath.com/mos/1800.html","","11","1","mos_reference","keep"
"mos/1811.html","1811 Tank Crewman Civilian Careers by Rank | Veteran Career Path","557","https://veterancareerpath.com/mos/1811.html","","11","1","mos_reference","keep"
"mos/1812.html","1812 M1A1 Tank Crewman Civilian Careers by Rank | Veteran Career Path","554","https://veterancareerpath.com/mos/1812.html","","11","1","mos_reference","keep"
"mos/1833.html","1833 Assault Amphibious Vehicle Civilian Careers by Rank | Veteran Career Path","565","https://veterancareerpath.com/mos/1833.html","","11","1","mos_reference","keep"
"mos/18a.html","18A Special Forces Officer Civilian Careers by Rank | Veteran Career Path","544","https://veterancareerpath.com/mos/18a.html","","11","1","mos_reference","keep"
"mos/18b.html","18B SF Weapons Sergeant Civilian Careers by Rank | Veteran Career Path","551","https://veterancareerpath.com/mos/18b.html","","11","1","mos_reference","keep"
"mos/18c.html","18C SF Engineer Sergeant Civilian Careers by Rank | Veteran Career Path","623","https://veterancareerpath.com/mos/18c.html","","12","1","mos_reference","keep"
"mos/18d.html","18D Special Forces Medical Sergeant Civilian Careers by Rank | Veteran Career Path","561","https://veterancareerpath.com/mos/18d.html","","11","1","mos_reference","keep"
"mos/18e.html","18E SF Communications Sergeant Civilian Careers by Rank | Veteran Career Path","567","https://veterancareerpath.com/mos/18e.html","","11","1","mos_reference","keep"
"mos/18f.html","18F SF Assistant Operations and Intelligence Civilian Careers by Rank | Veteran Career Path","587","https://veterancareerpath.com/mos/18f.html","","11","1","mos_reference","keep"
"mos/18x.html","18X Special Forces Candidate Civilian Careers by Rank | Veteran Career Path","551","https://veterancareerpath.com/mos/18x.html","","11","1","mos_reference","keep"
"mos/18z.html","18Z Special Forces Senior Sergeant Civilian Careers by Rank | Veteran Career Path","567","https://veterancareerpath.com/mos/18z.html","","11","1","mos_reference","keep"
"mos/19a.html","19A Armor Officer Civilian Careers by Rank | Veteran Career Path","535","https://veterancareerpath.com/mos/19a.html","","11","1","mos_reference","keep"
"mos/19d.html","19D Cavalry Scout Civilian Careers by Rank | Veteran Career Path","544","https://veterancareerpath.com/mos/19d.html","","11","1","mos_reference","keep"
"mos/19k.html","19K M1 Armor Crewman Civilian Careers by Rank | Veteran Career Path","554","https://veterancareerpath.com/mos/19k.html","","11","1","mos_reference","keep"
"mos/19z.html","19Z Armor Senior Sergeant Civilian Careers by Rank | Veteran Career Path","555","https://veterancareerpath.com/mos/19z.html","","11","1","mos_reference","keep"
"mos/1a0x1.html","1A0X1 In-Flight Refueling Civilian Careers by Rank | Veteran Career Path","559","https://veterancareerpath.com/mos/1a0x1.html","","11","1","mos_reference","keep"
"mos/1a1x1.html","1A1X1 Flight Engineer Civilian Careers by Rank | Veteran Career Path","631","https://veterancareerpath.com/mos/1a1x1.html","","12","1","mos_reference","keep"
"mos/1a2x1.html","1A2X1 Aircraft Loadmaster Civilian Careers by Rank | Veteran Career Path","570","https://veterancareerpath.com/mos/1a2x1.html","","11","1","mos_reference","keep"
"mos/1a3x1.html","1A3X1 Airborne Mission Systems Civilian Careers by Rank | Veteran Career Path","585","https://veterancareerpath.com/mos/1a3x1.html","","11","1","mos_reference","keep"
"mos/1a4x1.html","1A4X1 Airborne Operations Civilian Careers by Rank | Veteran Career Path","559","https://veterancareerpath.com/mos/1a4x1.html","","11","1","mos_reference","keep"
"mos/1a6x1.html","1A6X1 Flight Attendant Civilian Careers by Rank | Veteran Career Path","559","https://veterancareerpath.com/mos/1a6x1.html","","11","1","mos_reference","keep"
"mos/1a7x1.html","1A7X1 Aerial Gunner Civilian Careers by Rank | Veteran Career Path","559","https://veterancareerpath.com/mos/1a7x1.html","","11","1","mos_reference","keep"
"mos/1a8x1.html","1A8X1 Airborne Cryptologic Language Analyst Civilian Careers by Rank | Veteran Career Path","595","https://veterancareerpath.com/mos/1a8x1.html","","11","1","mos_reference","keep"
"mos/1a9x1.html","1A9X1 Special Missions Aviation Civilian Careers by Rank | Veteran Career Path","569","https://veterancareerpath.com/mos/1a9x1.html","","11","1","mos_reference","keep"
"mos/1b4x1.html","1B4X1 Cyber Warfare Operations Civilian Careers by Rank | Veteran Career Path","585","https://veterancareerpath.com/mos/1b4x1.html","","11","1","mos_reference","keep"
"mos/1c0x2.html","1C0X2 Aviation Resource Management Civilian Careers by Rank | Veteran Career Path","569","https://veterancareerpath.com/mos/1c0x2.html","","11","1","mos_reference","keep"
"mos/1c1x1.html","1C1X1 Air Traffic Control Civilian Careers by Rank | Veteran Career Path","569","https://veterancareerpath.com/mos/1c1x1.html","","11","1","mos_reference","keep"
"mos/1c2x1.html","1C2X1 Combat Control Civilian Careers by Rank | Veteran Career Path","559","https://veterancareerpath.com/mos/1c2x1.html","","11","1","mos_reference","keep"
"mos/1c3x1.html","1C3X1 Command Post Civilian Careers by Rank | Veteran Career Path","559","https://veterancareerpath.com/mos/1c3x1.html","","11","1","mos_reference","keep"
"mos/1c4x1.html","1C4X1 Tactical Air Control Party Civilian Careers by Rank | Veteran Career Path","579","https://veterancareerpath.com/mos/1c4x1.html","","11","1","mos_reference","keep"
"mos/1c5x1.html","1C5X1 Command and Control Battle Management Civilian Careers by Rank | Veteran Career Path","589","https://veterancareerpath.com/mos/1c5x1.html","","11","1","mos_reference","keep"
"mos/1c6x1.html","1C6X1 Space Systems Operations Civilian Careers by Rank | Veteran Career Path","585","https://veterancareerpath.com/mos/1c6x1.html","","11","1","mos_reference","keep"
"mos/1c6x1a.html","1C6X1A Orbital Warfare Civilian Careers by Rank | Veteran Career Path","559","https://veterancareerpath.com/mos/1c6x1a.html","","11","1","mos_reference","keep"
"mos/1c6x1b.html","1C6X1B Space Electronic Warfare Civilian Careers by Rank | Veteran Career Path","585","https://veterancareerpath.com/mos/1c6x1b.html","","11","1","mos_reference","keep"
"mos/1c6x1c.html","1C6X1C Space Battle Management Civilian Careers by Rank | Veteran Career Path","585","https://veterancareerpath.com/mos/1c6x1c.html","","11","1","mos_reference","keep"
"mos/1c6x1d.html","1C6X1D Space ISR Civilian Careers by Rank | Veteran Career Path","575","https://veterancareerpath.com/mos/1c6x1d.html","","11","1","mos_reference","keep"
"mos/1c6x1e.html","1C6X1E Electromagnetic Warfare Civilian Careers by Rank | Veteran Career Path","559","https://veterancareerpath.com/mos/1c6x1e.html","","11","1","mos_reference","keep"
"mos/1c7x1.html","1C7X1 Airfield Management Civilian Careers by Rank | Veteran Career Path","559","https://veterancareerpath.com/mos/1c7x1.html","","11","1","mos_reference","keep"
"mos/1c8x2.html","1C8X2 Radar Airfield and Weather Civilian Careers by Rank | Veteran Career Path","579","https://veterancareerpath.com/mos/1c8x2.html","","11","1","mos_reference","keep"
"mos/1d7x1.html","1D7X1 Cyberspace Defense Operations Civilian Careers by Rank | Veteran Career Path","585","https://veterancareerpath.com/mos/1d7x1.html","","11","1","mos_reference","keep"
"mos/1n0x1.html","1N0X1 All Source Intelligence Civilian Careers by Rank | Veteran Career Path","585","https://veterancareerpath.com/mos/1n0x1.html","","11","1","mos_reference","keep"
"mos/1n1x1.html","1N1X1 Geospatial Intelligence Civilian Careers by Rank | Veteran Career Path","575","https://veterancareerpath.com/mos/1n1x1.html","","11","1","mos_reference","keep"
"mos/1n2x1.html","1N2X1 Signals Intelligence Civilian Careers by Rank | Veteran Career Path","575","https://veterancareerpath.com/mos/1n2x1.html","","11","1","mos_reference","keep"
"mos/1n3x1.html","1N3X1 Cryptologic Language Analyst Civilian Careers by Rank | Veteran Career Path","585","https://veterancareerpath.com/mos/1n3x1.html","","11","1","mos_reference","keep"
"mos/1n4x1.html","1N4X1 Fusion Analyst Civilian Careers by Rank | Veteran Career Path","559","https://veterancareerpath.com/mos/1n4x1.html","","11","1","mos_reference","keep"
"mos/1n8x1.html","1N8X1 Targeting Analyst Civilian Careers by Rank | Veteran Career Path","559","https://veterancareerpath.com/mos/1n8x1.html","","11","1","mos_reference","keep"
"mos/1p0x1.html","1P0X1 Aircrew Flight Equipment Civilian Careers by Rank | Veteran Career Path","569","https://veterancareerpath.com/mos/1p0x1.html","","11","1","mos_reference","keep"
"mos/1t0x1.html","1T0X1 SERE Specialist Civilian Careers by Rank | Veteran Career Path","559","https://veterancareerpath.com/mos/1t0x1.html","","11","1","mos_reference","keep"
"mos/1t2x1.html","1T2X1 Pararescue Civilian Careers by Rank | Veteran Career Path","549","https://veterancareerpath.com/mos/1t2x1.html","","11","1","mos_reference","keep"
"mos/1u0x1.html","1U0X1 Sensor Operator Civilian Careers by Rank | Veteran Career Path","559","https://veterancareerpath.com/mos/1u0x1.html","","11","1","mos_reference","keep"
"mos/1w0x1.html","1W0X1 Weather Civilian Careers by Rank | Veteran Career Path","549","https://veterancareerpath.com/mos/1w0x1.html","","11","1","mos_reference","keep"
"mos/2100.html","2100 Basic Ordnance Marine Civilian Careers by Rank | Veteran Career Path","567","https://veterancareerpath.com/mos/2100.html","","11","1","mos_reference","keep"
"mos/2111.html","2111 Small Arms Repairer/Technician Civilian Careers by Rank | Veteran Career Path","567","https://veterancareerpath.com/mos/2111.html","","11","1","mos_reference","keep"
"mos/2131.html","2131 Towed Artillery Systems Civilian Careers by Rank | Veteran Career Path","572","https://veterancareerpath.com/mos/2131.html","","11","1","mos_reference","keep"
"mos/2141.html","2141 Assault Amphibious Vehicle Civilian Careers by Rank | Veteran Career Path","568","https://veterancareerpath.com/mos/2141.html","","11","1","mos_reference","keep"
"mos/2146.html","2146 Main Battle Tank Repairer Civilian Careers by Rank | Veteran Career Path","578","https://veterancareerpath.com/mos/2146.html","","11","1","mos_reference","keep"
"mos/2147.html","2147 Light Armored Vehicle Repairer Civilian Careers by Rank | Veteran Career Path","585","https://veterancareerpath.com/mos/2147.html","","11","1","mos_reference","keep"
"mos/2161.html","2161 Machinist Civilian Careers by Rank | Veteran Career Path","541","https://veterancareerpath.com/mos/2161.html","","11","1","mos_reference","keep"
"mos/2171.html","2171 Electro-Optical Ordnance Civilian Careers by Rank | Veteran Career Path","557","https://veterancareerpath.com/mos/2171.html","","11","1","mos_reference","keep"
"mos/21ax.html","21AX Test and Evaluation Civilian Careers by Rank | Veteran Career Path","569","https://veterancareerpath.com/mos/21ax.html","","11","1","mos_reference","keep"
"mos/2311.html","2311 Ammunition Technician Civilian Careers by Rank | Veteran Career Path","546","https://veterancareerpath.com/mos/2311.html","","11","1","mos_reference","keep"
"mos/25a.html","25A Signal Officer Civilian Careers by Rank | Veteran Career Path","550","https://veterancareerpath.com/mos/25a.html","","11","1","mos_reference","keep"
"mos/25b.html","25B IT Specialist Civilian Careers by Rank | Veteran Career Path","543","https://veterancareerpath.com/mos/25b.html","","11","1","mos_reference","keep"
"mos/25c.html","25C Radio Operator-Maintainer Civilian Careers by Rank | Veteran Career Path","560","https://veterancareerpath.com/mos/25c.html","","11","1","mos_reference","keep"
"mos/25d.html","25D Cyber Network Defender Civilian Careers by Rank | Veteran Career Path","575","https://veterancareerpath.com/mos/25d.html","","11","1","mos_reference","keep"
"mos/25e.html","25E Electromagnetic Spectrum Manager Civilian Careers by Rank | Veteran Career Path","554","https://veterancareerpath.com/mos/25e.html","","11","1","mos_reference","keep"
"mos/25f.html","25F Network Switching Systems Civilian Careers by Rank | Veteran Career Path","577","https://veterancareerpath.com/mos/25f.html","","11","1","mos_reference","keep"
"mos/25h.html","25H Cable Systems Civilian Careers by Rank | Veteran Career Path","560","https://veterancareerpath.com/mos/25h.html","","11","1","mos_reference","keep"
"mos/25l.html","25L Cable Systems Civilian Careers by Rank | Veteran Career Path","570","https://veterancareerpath.com/mos/25l.html","","11","1","mos_reference","keep"
"mos/25m.html","25M Multimedia Illustrator Civilian Careers by Rank | Veteran Career Path","544","https://veterancareerpath.com/mos/25m.html","","11","1","mos_reference","keep"
"mos/25n.html","25N Nodal Network Systems Operator-Maintainer Civilian Careers by Rank | Veteran Career Path","580","https://veterancareerpath.com/mos/25n.html","","11","1","mos_reference","keep"
"mos/25p.html","25P Microwave Systems Operator-Maintainer Civilian Careers by Rank | Veteran Career Path","587","https://veterancareerpath.com/mos/25p.html","","11","1","mos_reference","keep"
"mos/25q.html","25Q Multichannel Transmission Systems Civilian Careers by Rank | Veteran Career Path","584","https://veterancareerpath.com/mos/25q.html","","11","1","mos_reference","keep"
"mos/25r.html","25R Visual Information Equipment Civilian Careers by Rank | Veteran Career Path","576","https://veterancareerpath.com/mos/25r.html","","11","1","mos_reference","keep"
"mos/25s.html","25S Satellite Communication Systems Civilian Careers by Rank | Veteran Career Path","593","https://veterancareerpath.com/mos/25s.html","","11","1","mos_reference","keep"
"mos/25t.html","25T Satellite/Microwave Systems Civilian Careers by Rank | Veteran Career Path","562","https://veterancareerpath.com/mos/25t.html","","11","1","mos_reference","keep"
"mos/25u.html","25U Signal Support Systems Specialist Civilian Careers by Rank | Veteran Career Path","594","https://veterancareerpath.com/mos/25u.html","","11","1","mos_reference","keep"
"mos/25v.html","25V Combat Documentation/Production Civilian Careers by Rank | Veteran Career Path","549","https://veterancareerpath.com/mos/25v.html","","11","1","mos_reference","keep"
"mos/25w.html","25W Telecommunications Operations Civilian Careers by Rank | Veteran Career Path","562","https://veterancareerpath.com/mos/25w.html","","11","1","mos_reference","keep"
"mos/25x.html","25X Chief Signal NCO Civilian Careers by Rank | Veteran Career Path","572","https://veterancareerpath.com/mos/25x.html","","11","1","mos_reference","keep"
"mos/25z.html","25Z Visual Information Operations Civilian Careers by Rank | Veteran Career Path","576","https://veterancareerpath.com/mos/25z.html","","11","1","mos_reference","keep"
"mos/2621.html","2621 Special Communications Signals Civilian Careers by Rank | Veteran Career Path","570","https://veterancareerpath.com/mos/2621.html","","11","1","mos_reference","keep"
"mos/2631.html","2631 Ground Electronic Warfare Civilian Careers by Rank | Veteran Career Path","554","https://veterancareerpath.com/mos/2631.html","","11","1","mos_reference","keep"
"mos/2641.html","2641 Cryptologic Linguist Civilian Careers by Rank | Veteran Career Path","558","https://veterancareerpath.com/mos/2641.html","","11","1","mos_reference","keep"
"mos/2651.html","2651 Special Intelligence System Civilian Careers by Rank | Veteran Career Path","570","https://veterancareerpath.com/mos/2651.html","","11","1","mos_reference","keep"
"mos/27a.html","27A Judge Advocate General Officer Civilian Careers by Rank | Veteran Career Path","552","https://veterancareerpath.com/mos/27a.html","","11","1","mos_reference","keep"
"mos/27d.html","27D Paralegal Specialist Civilian Careers by Rank | Veteran Career Path","543","https://veterancareerpath.com/mos/27d.html","","11","1","mos_reference","keep"
"mos/2a2x1.html","2A2X1 Mobility Air Forces Integrated Civilian Careers by Rank | Veteran Career Path","579","https://veterancareerpath.com/mos/2a2x1.html","","11","1","mos_reference","keep"
"mos/2a2x2.html","2A2X2 Mobility Air Forces Integrated Civilian Careers by Rank | Veteran Career Path","579","https://veterancareerpath.com/mos/2a2x2.html","","11","1","mos_reference","keep"
"mos/2a3x3.html","2A3X3 Combat Systems Civilian Careers by Rank | Veteran Career Path","575","https://veterancareerpath.com/mos/2a3x3.html","","11","1","mos_reference","keep"
"mos/2a3x4.html","2A3X4 Fighter Aircraft Integrated Avionics Civilian Careers by Rank | Veteran Career Path","590","https://veterancareerpath.com/mos/2a3x4.html","","11","1","mos_reference","keep"
"mos/2a5x1.html","2A5X1 Aerospace Maintenance Civilian Careers by Rank | Veteran Career Path","570","https://veterancareerpath.com/mos/2a5x1.html","","11","1","mos_reference","keep"
"mos/2a5x2.html","2A5X2 Helicopter/Tiltrotor Aircraft Civilian Careers by Rank | Veteran Career Path","570","https://veterancareerpath.com/mos/2a5x2.html","","11","1","mos_reference","keep"
"mos/2a5x3.html","2A5X3 Integrated Avionics Systems Civilian Careers by Rank | Veteran Career Path","580","https://veterancareerpath.com/mos/2a5x3.html","","11","1","mos_reference","keep"
"mos/2a6x1.html","2A6X1 Aerospace Propulsion Civilian Careers by Rank | Veteran Career Path","570","https://veterancareerpath.com/mos/2a6x1.html","","11","1","mos_reference","keep"
"mos/2a6x2.html","2A6X2 Aerospace Ground Equipment Civilian Careers by Rank | Veteran Career Path","585","https://veterancareerpath.com/mos/2a6x2.html","","11","1","mos_reference","keep"
"mos/2a6x3.html","2A6X3 Aircrew Egress Systems Civilian Careers by Rank | Veteran Career Path","585","https://veterancareerpath.com/mos/2a6x3.html","","11","1","mos_reference","keep"
"mos/2a6x4.html","2A6X4 Aircraft Fuel Systems Civilian Careers by Rank | Veteran Career Path","580","https://veterancareerpath.com/mos/2a6x4.html","","11","1","mos_reference","keep"
"mos/2a6x5.html","2A6X5 Aircraft Hydraulic Systems Civilian Careers by Rank | Veteran Career Path","580","https://veterancareerpath.com/mos/2a6x5.html","","11","1","mos_reference","keep"
"mos/2a6x6.html","2A6X6 Aircraft Electrical and Environmental Civilian Careers by Rank | Veteran Career Path","590","https://veterancareerpath.com/mos/2a6x6.html","","11","1","mos_reference","keep"
"mos/2a7x1.html","2A7X1 Aircraft Metals Technology Civilian Careers by Rank | Veteran Career Path","580","https://veterancareerpath.com/mos/2a7x1.html","","11","1","mos_reference","keep"
"mos/2a7x2.html","2A7X2 Nondestructive Inspection Civilian Careers by Rank | Veteran Career Path","559","https://veterancareerpath.com/mos/2a7x2.html","","11","1","mos_reference","keep"
"mos/2a7x3.html","2A7X3 Aircraft Structural Maintenance Civilian Careers by Rank | Veteran Career Path","580","https://veterancareerpath.com/mos/2a7x3.html","","11","1","mos_reference","keep"
"mos/2a8x1.html","2A8X1 Mobility Air Forces Scheduled Civilian Careers by Rank | Veteran Career Path","579","https://veterancareerpath.com/mos/2a8x1.html","","11","1","mos_reference","keep"
"mos/2e1x1.html","2E1X1 Ground Radar Systems Civilian Careers by Rank | Veteran Career Path","585","https://veterancareerpath.com/mos/2e1x1.html","","11","1","mos_reference","keep"
"mos/2e1x2.html","2E1X2 Meteorological and Navigation Systems Civilian Careers by Rank | Veteran Career Path","595","https://veterancareerpath.com/mos/2e1x2.html","","11","1","mos_reference","keep"
"mos/2e1x3.html","2E1X3 Ground Radio Communications Civilian Careers by Rank | Veteran Career Path","585","https://veterancareerpath.com/mos/2e1x3.html","","11","1","mos_reference","keep"
"mos/2e1x4.html","2E1X4 Visual Imagery and Intrusion Detection Civilian Careers by Rank | Veteran Career Path","589","https://veterancareerpath.com/mos/2e1x4.html","","11","1","mos_reference","keep"
"mos/2f0x1.html","2F0X1 Fuels Civilian Careers by Rank | Veteran Career Path","549","https://veterancareerpath.com/mos/2f0x1.html","","11","1","mos_reference","keep"
"mos/2g0x1.html","2G0X1 Logistics Plans Civilian Careers by Rank | Veteran Career Path","568","https://veterancareerpath.com/mos/2g0x1.html","","11","1","mos_reference","keep"
"mos/2m0x1.html","2M0X1 Missile and Space Systems Electronic Civilian Careers by Rank | Veteran Career Path","605","https://veterancareerpath.com/mos/2m0x1.html","","11","1","mos_reference","keep"
"mos/2m0x2.html","2M0X2 Missile and Space Systems Maintenance Civilian Careers by Rank | Veteran Career Path","600","https://veterancareerpath.com/mos/2m0x2.html","","11","1","mos_reference","keep"
"mos/2m0x3.html","2M0X3 Missile and Space Facilities Civilian Careers by Rank | Veteran Career Path","595","https://veterancareerpath.com/mos/2m0x3.html","","11","1","mos_reference","keep"
"mos/2p0x1.html","2P0X1 Precision Measurement Equipment Civilian Careers by Rank | Veteran Career Path","569","https://veterancareerpath.com/mos/2p0x1.html","","11","1","mos_reference","keep"
"mos/2r0x1.html","2R0X1 Maintenance Management Analysis Civilian Careers by Rank | Veteran Career Path","580","https://veterancareerpath.com/mos/2r0x1.html","","11","1","mos_reference","keep"
"mos/2r1x1.html","2R1X1 Maintenance Management Civilian Careers by Rank | Veteran Career Path","570","https://veterancareerpath.com/mos/2r1x1.html","","11","1","mos_reference","keep"
"mos/2s0x1.html","2S0X1 Material Management Civilian Careers by Rank | Veteran Career Path","559","https://veterancareerpath.com/mos/2s0x1.html","","11","1","mos_reference","keep"
"mos/2t0x1.html","2T0X1 Traffic Management Civilian Careers by Rank | Veteran Career Path","568","https://veterancareerpath.com/mos/2t0x1.html","","11","1","mos_reference","keep"
"mos/2t1x1.html","2T1X1 Vehicle Operations Civilian Careers by Rank | Veteran Career Path","570","https://veterancareerpath.com/mos/2t1x1.html","","11","1","mos_reference","keep"
"mos/2t2x1.html","2T2X1 Air Transportation Civilian Careers by Rank | Veteran Career Path","568","https://veterancareerpath.com/mos/2t2x1.html","","11","1","mos_reference","keep"
"mos/2t3x1.html","2T3X1 Special Vehicle Maintenance Civilian Careers by Rank | Veteran Career Path","580","https://veterancareerpath.com/mos/2t3x1.html","","11","1","mos_reference","keep"
"mos/2t3x7.html","2T3X7 Vehicle Management and Analysis Civilian Careers by Rank | Veteran Career Path","590","https://veterancareerpath.com/mos/2t3x7.html","","11","1","mos_reference","keep"
"mos/2w0x1.html","2W0X1 Munitions Systems Civilian Careers by Rank | Veteran Career Path","575","https://veterancareerpath.com/mos/2w0x1.html","","11","1","mos_reference","keep"
"mos/2w1x1.html","2W1X1 Aircraft Armament Systems Civilian Careers by Rank | Veteran Career Path","580","https://veterancareerpath.com/mos/2w1x1.html","","11","1","mos_reference","keep"
"mos/3000.html","3000 Basic Supply/Service Marine Civilian Careers by Rank | Veteran Career Path","569","https://veterancareerpath.com/mos/3000.html","","11","1","mos_reference","keep"
"mos/3043.html","3043 Supply Administration and Operations Civilian Careers by Rank | Veteran Career Path","579","https://veterancareerpath.com/mos/3043.html","","11","1","mos_reference","keep"
"mos/3051.html","3051 Warehouse Clerk Civilian Careers by Rank | Veteran Career Path","559","https://veterancareerpath.com/mos/3051.html","","11","1","mos_reference","keep"
"mos/3052.html","3052 Packaging Specialist Civilian Careers by Rank | Veteran Career Path","544","https://veterancareerpath.com/mos/3052.html","","11","1","mos_reference","keep"
"mos/3112.html","3112 Traffic Management Specialist Civilian Careers by Rank | Veteran Career Path","559","https://veterancareerpath.com/mos/3112.html","","11","1","mos_reference","keep"
"mos/31a.html","31A Military Police Officer Civilian Careers by Rank | Veteran Career Path","547","https://veterancareerpath.com/mos/31a.html","","11","1","mos_reference","keep"
"mos/31b.html","31B Military Police Civilian Careers by Rank | Veteran Career Path","544","https://veterancareerpath.com/mos/31b.html","","11","1","mos_reference","keep"
"mos/31d.html","31D Criminal Investigation Special Civilian Careers by Rank | Veteran Career Path","553","https://veterancareerpath.com/mos/31d.html","","11","1","mos_reference","keep"
"mos/31e.html","31E Internment/Resettlement Civilian Careers by Rank | Veteran Career Path","533","https://veterancareerpath.com/mos/31e.html","","11","1","mos_reference","keep"
"mos/31k.html","31K Military Working Dog Handler Civilian Careers by Rank | Veteran Career Path","571","https://veterancareerpath.com/mos/31k.html","","11","1","mos_reference","keep"
"mos/31z.html","31Z Military Police Senior Sergeant Civilian Careers by Rank | Veteran Career Path","574","https://veterancareerpath.com/mos/31z.html","","11","1","mos_reference","keep"
"mos/3531.html","3531 Motor Vehicle Operator Civilian Careers by Rank | Veteran Career Path","565","https://veterancareerpath.com/mos/3531.html","","11","1","mos_reference","keep"
"mos/3533.html","3533 Automotive Organizational Civilian Careers by Rank | Veteran Career Path","544","https://veterancareerpath.com/mos/3533.html","","11","1","mos_reference","keep"
"mos/3534.html","3534 Motor Transport Operations Chief Civilian Careers by Rank | Veteran Career Path","573","https://veterancareerpath.com/mos/3534.html","","11","1","mos_reference","keep"
"mos/35a.html","35A Military Intelligence Officer Civilian Careers by Rank | Veteran Career Path","566","https://veterancareerpath.com/mos/35a.html","","11","1","mos_reference","keep"
"mos/35d.html","35D All-Source Intelligence Officer Civilian Careers by Rank | Veteran Career Path","562","https://veterancareerpath.com/mos/35d.html","","11","1","mos_reference","keep"
"mos/35e.html","35E Counterintelligence Agent Civilian Careers by Rank | Veteran Career Path","563","https://veterancareerpath.com/mos/35e.html","","11","1","mos_reference","keep"
"mos/35f.html","35F Intelligence Analyst Civilian Careers by Rank | Veteran Career Path","567","https://veterancareerpath.com/mos/35f.html","","11","1","mos_reference","keep"
"mos/35g.html","35G Geospatial Intelligence Imagery Analyst Civilian Careers by Rank | Veteran Career Path","584","https://veterancareerpath.com/mos/35g.html","","11","1","mos_reference","keep"
"mos/35h.html","35H Collection Manager Civilian Careers by Rank | Veteran Career Path","551","https://veterancareerpath.com/mos/35h.html","","11","1","mos_reference","keep"
"mos/35l.html","35L Counterintelligence Agent Civilian Careers by Rank | Veteran Career Path","567","https://veterancareerpath.com/mos/35l.html","","11","1","mos_reference","keep"
"mos/35m.html","35M Human Intelligence Collector Civilian Careers by Rank | Veteran Career Path","568","https://veterancareerpath.com/mos/35m.html","","11","1","mos_reference","keep"
"mos/35n.html","35N Signals Intelligence Analyst Civilian Careers by Rank | Veteran Career Path","570","https://veterancareerpath.com/mos/35n.html","","11","1","mos_reference","keep"
"mos/35p.html","35P Cryptologic Linguist Civilian Careers by Rank | Veteran Career Path","584","https://veterancareerpath.com/mos/35p.html","","11","1","mos_reference","keep"
"mos/35q.html","35Q Cryptologic Network Warfare Specialist Civilian Careers by Rank | Veteran Career Path","578","https://veterancareerpath.com/mos/35q.html","","11","1","mos_reference","keep"
"mos/35s.html","35S Signals Intelligence Analyst Civilian Careers by Rank | Veteran Career Path","587","https://veterancareerpath.com/mos/35s.html","","11","1","mos_reference","keep"
"mos/35t.html","35T Military Intelligence Systems Civilian Careers by Rank | Veteran Career Path","578","https://veterancareerpath.com/mos/35t.html","","11","1","mos_reference","keep"
"mos/35v.html","35V Imagery Analyst Civilian Careers by Rank | Veteran Career Path","556","https://veterancareerpath.com/mos/35v.html","","11","1","mos_reference","keep"
"mos/35w.html","35W Electronic Warfare Specialist Civilian Careers by Rank | Veteran Career Path","561","https://veterancareerpath.com/mos/35w.html","","11","1","mos_reference","keep"
"mos/35x.html","35X Intelligence Senior Sergeant Civilian Careers by Rank | Veteran Career Path","573","https://veterancareerpath.com/mos/35x.html","","11","1","mos_reference","keep"
"mos/35y.html","35Y Chief Intelligence Sergeant Civilian Careers by Rank | Veteran Career Path","583","https://veterancareerpath.com/mos/35y.html","","11","1","mos_reference","keep"
"mos/35z.html","35Z SIGINT Senior Sergeant/Chief Civilian Careers by Rank | Veteran Career Path","566","https://veterancareerpath.com/mos/35z.html","","11","1","mos_reference","keep"
"mos/36a.html","36A Financial Management Officer Civilian Careers by Rank | Veteran Career Path","544","https://veterancareerpath.com/mos/36a.html","","11","1","mos_reference","keep"
"mos/36b.html","36B Financial Management Technician Civilian Careers by Rank | Veteran Career Path","554","https://veterancareerpath.com/mos/36b.html","","11","1","mos_reference","keep"
"mos/3711.html","3711 NBC Defense Specialist Civilian Careers by Rank | Veteran Career Path","567","https://veterancareerpath.com/mos/3711.html","","11","1","mos_reference","keep"
"mos/37a.html","37A Psychological Operations Officer Civilian Careers by Rank | Veteran Career Path","550","https://veterancareerpath.com/mos/37a.html","","11","1","mos_reference","keep"
"mos/37f.html","37F Psychological Operations Civilian Careers by Rank | Veteran Career Path","551","https://veterancareerpath.com/mos/37f.html","","11","1","mos_reference","keep"
"mos/38a.html","38A Civil Affairs Officer Civilian Careers by Rank | Veteran Career Path","544","https://veterancareerpath.com/mos/38a.html","","11","1","mos_reference","keep"
"mos/38b.html","38B Civil Affairs Specialist Civilian Careers by Rank | Veteran Career Path","552","https://veterancareerpath.com/mos/38b.html","","11","1","mos_reference","keep"
"mos/3d0x1.html","3D0X1 Knowledge Operations Management Civilian Careers by Rank | Veteran Career Path","569","https://veterancareerpath.com/mos/3d0x1.html","","11","1","mos_reference","keep"
"mos/3d0x2.html","3D0X2 Cyber Systems Operations Civilian Careers by Rank | Veteran Career Path","585","https://veterancareerpath.com/mos/3d0x2.html","","11","1","mos_reference","keep"
"mos/3d0x3.html","3D0X3 Cyber Surety Civilian Careers by Rank | Veteran Career Path","575","https://veterancareerpath.com/mos/3d0x3.html","","11","1","mos_reference","keep"
"mos/3d0x4.html","3D0X4 Computer Systems Programming Civilian Careers by Rank | Veteran Career Path","585","https://veterancareerpath.com/mos/3d0x4.html","","11","1","mos_reference","keep"
"mos/3d1x1.html","3D1X1 Client Systems Civilian Careers by Rank | Veteran Career Path","575","https://veterancareerpath.com/mos/3d1x1.html","","11","1","mos_reference","keep"
"mos/3d1x2.html","3D1X2 Cyber Transport Systems Civilian Careers by Rank | Veteran Career Path","578","https://veterancareerpath.com/mos/3d1x2.html","","11","1","mos_reference","keep"
"mos/3d1x3.html","3D1X3 RF Transmission Systems Civilian Careers by Rank | Veteran Career Path","585","https://veterancareerpath.com/mos/3d1x3.html","","11","1","mos_reference","keep"
"mos/3d1x4.html","3D1X4 Spectrum Operations Civilian Careers by Rank | Veteran Career Path","559","https://veterancareerpath.com/mos/3d1x4.html","","11","1","mos_reference","keep"
"mos/3e0x1.html","3E0X1 Electrical Systems Civilian Careers by Rank | Veteran Career Path","575","https://veterancareerpath.com/mos/3e0x1.html","","11","1","mos_reference","keep"
"mos/3e0x2.html","3E0X2 Electrical Power Production Civilian Careers by Rank | Veteran Career Path","580","https://veterancareerpath.com/mos/3e0x2.html","","11","1","mos_reference","keep"
"mos/3e1x1.html","3E1X1 Heating Ventilation Air Civilian Careers by Rank | Veteran Career Path","569","https://veterancareerpath.com/mos/3e1x1.html","","11","1","mos_reference","keep"
"mos/3e2x1.html","3E2X1 Pavement and Construction Equipment Civilian Careers by Rank | Veteran Career Path","651","https://veterancareerpath.com/mos/3e2x1.html","","12","1","mos_reference","keep"
"mos/3e3x1.html","3E3X1 Structural Civilian Careers by Rank | Veteran Career Path","549","https://veterancareerpath.com/mos/3e3x1.html","","11","1","mos_reference","keep"
"mos/3e4x1.html","3E4X1 Water and Fuel Systems Civilian Careers by Rank | Veteran Career Path","595","https://veterancareerpath.com/mos/3e4x1.html","","11","1","mos_reference","keep"
"mos/3e4x3.html","3E4X3 Pest Management Civilian Careers by Rank | Veteran Career Path","559","https://veterancareerpath.com/mos/3e4x3.html","","11","1","mos_reference","keep"
"mos/3e5x1.html","3E5X1 Engineering Civilian Careers by Rank | Veteran Career Path","621","https://veterancareerpath.com/mos/3e5x1.html","","12","1","mos_reference","keep"
"mos/3e6x1.html","3E6X1 Operations Management Civilian Careers by Rank | Veteran Career Path","559","https://veterancareerpath.com/mos/3e6x1.html","","11","1","mos_reference","keep"
"mos/3e7x1.html","3E7X1 Fire Protection Civilian Careers by Rank | Veteran Career Path","559","https://veterancareerpath.com/mos/3e7x1.html","","11","1","mos_reference","keep"
"mos/3e8x1.html","3E8X1 Explosive Ordnance Disposal Civilian Careers by Rank | Veteran Career Path","580","https://veterancareerpath.com/mos/3e8x1.html","","11","1","mos_reference","keep"
"mos/3f0x1.html","3F0X1 Personnel Civilian Careers by Rank | Veteran Career Path","549","https://veterancareerpath.com/mos/3f0x1.html","","11","1","mos_reference","keep"
"mos/3f1x1.html","3F1X1 Services Civilian Careers by Rank | Veteran Career Path","549","https://veterancareerpath.com/mos/3f1x1.html","","11","1","mos_reference","keep"
"mos/3f2x1.html","3F2X1 Education and Training Civilian Careers by Rank | Veteran Career Path","569","https://veterancareerpath.com/mos/3f2x1.html","","11","1","mos_reference","keep"
"mos/3f3x1.html","3F3X1 Manpower Civilian Careers by Rank | Veteran Career Path","560","https://veterancareerpath.com/mos/3f3x1.html","","11","1","mos_reference","keep"
"mos/3f4x1.html","3F4X1 Equal Opportunity Civilian Careers by Rank | Veteran Career Path","559","https://veterancareerpath.com/mos/3f4x1.html","","11","1","mos_reference","keep"
"mos/3f5x1.html","3F5X1 Administration Civilian Careers by Rank | Veteran Career Path","549","https://veterancareerpath.com/mos/3f5x1.html","","11","1","mos_reference","keep"
"mos/3m0x1.html","3M0X1 Services Civilian Careers by Rank | Veteran Career Path","549","https://veterancareerpath.com/mos/3m0x1.html","","11","1","mos_reference","keep"
"mos/3n0x1.html","3N0X1 Public Affairs Civilian Careers by Rank | Veteran Career Path","559","https://veterancareerpath.com/mos/3n0x1.html","","11","1","mos_reference","keep"
"mos/3n1x1.html","3N1X1 Regional Band Civilian Careers by Rank | Veteran Career Path","559","https://veterancareerpath.com/mos/3n1x1.html","","11","1","mos_reference","keep"
"mos/3n2x1.html","3N2X1 Premier Band Civilian Careers by Rank | Veteran Career Path","559","https://veterancareerpath.com/mos/3n2x1.html","","11","1","mos_reference","keep"
"mos/3p0x1.html","3P0X1 Security Forces Civilian Careers by Rank | Veteran Career Path","559","https://veterancareerpath.com/mos/3p0x1.html","","11","1","mos_reference","keep"
"mos/4133.html","4133 Paralegal Specialist Civilian Careers by Rank | Veteran Career Path","547","https://veterancareerpath.com/mos/4133.html","","11","1","mos_reference","keep"
"mos/42a.html","42A Human Resources Specialist Civilian Careers by Rank | Veteran Career Path","556","https://veterancareerpath.com/mos/42a.html","","11","1","mos_reference","keep"
"mos/42b.html","42B Human Resources Officer Civilian Careers by Rank | Veteran Career Path","544","https://veterancareerpath.com/mos/42b.html","","11","1","mos_reference","keep"
"mos/42f.html","42F Human Resources Information Civilian Careers by Rank | Veteran Career Path","572","https://veterancareerpath.com/mos/42f.html","","11","1","mos_reference","keep"
"mos/4312.html","4312 Combat Photographer Civilian Careers by Rank | Veteran Career Path","557","https://veterancareerpath.com/mos/4312.html","","11","1","mos_reference","keep"
"mos/4341.html","4341 Combat Correspondent Civilian Careers by Rank | Veteran Career Path","552","https://veterancareerpath.com/mos/4341.html","","11","1","mos_reference","keep"
"mos/4421.html","4421 Combat Videographer Civilian Careers by Rank | Veteran Career Path","543","https://veterancareerpath.com/mos/4421.html","","11","1","mos_reference","keep"
"mos/46a.html","46A Public Affairs Officer Civilian Careers by Rank | Veteran Career Path","544","https://veterancareerpath.com/mos/46a.html","","11","1","mos_reference","keep"
"mos/46q.html","46Q Public Affairs Specialist Civilian Careers by Rank | Veteran Career Path","552","https://veterancareerpath.com/mos/46q.html","","11","1","mos_reference","keep"
"mos/46r.html","46R Public Affairs Broadcast Civilian Careers by Rank | Veteran Career Path","567","https://veterancareerpath.com/mos/46r.html","","11","1","mos_reference","keep"
"mos/4a0x1.html","4A0X1 Health Services Management Civilian Careers by Rank | Veteran Career Path","569","https://veterancareerpath.com/mos/4a0x1.html","","11","1","mos_reference","keep"
"mos/4a1x1.html","4A1X1 Medical Materiel Civilian Careers by Rank | Veteran Career Path","559","https://veterancareerpath.com/mos/4a1x1.html","","11","1","mos_reference","keep"
"mos/4a2x1.html","4A2X1 Biomedical Equipment Civilian Careers by Rank | Veteran Career Path","559","https://veterancareerpath.com/mos/4a2x1.html","","11","1","mos_reference","keep"
"mos/4b0x1.html","4B0X1 Bioenvironmental Engineering Civilian Careers by Rank | Veteran Career Path","631","https://veterancareerpath.com/mos/4b0x1.html","","12","1","mos_reference","keep"
"mos/4c0x1.html","4C0X1 Mental Health Service Civilian Careers by Rank | Veteran Career Path","569","https://veterancareerpath.com/mos/4c0x1.html","","11","1","mos_reference","keep"
"mos/4d0x1.html","4D0X1 Diet Therapy Civilian Careers by Rank | Veteran Career Path","559","https://veterancareerpath.com/mos/4d0x1.html","","11","1","mos_reference","keep"
"mos/4e0x1.html","4E0X1 Public Health Civilian Careers by Rank | Veteran Career Path","559","https://veterancareerpath.com/mos/4e0x1.html","","11","1","mos_reference","keep"
"mos/4h0x1.html","4H0X1 Cardiopulmonary Laboratory Civilian Careers by Rank | Veteran Career Path","559","https://veterancareerpath.com/mos/4h0x1.html","","11","1","mos_reference","keep"
"mos/4j0x2.html","4J0X2 Physical Medicine Civilian Careers by Rank | Veteran Career Path","559","https://veterancareerpath.com/mos/4j0x2.html","","11","1","mos_reference","keep"
"mos/4m0x1.html","4M0X1 Aerospace and Operational Physiology Civilian Careers by Rank | Veteran Career Path","595","https://veterancareerpath.com/mos/4m0x1.html","","11","1","mos_reference","keep"
"mos/4n0x1.html","4N0X1 Aerospace Medical Service Civilian Careers by Rank | Veteran Career Path","585","https://veterancareerpath.com/mos/4n0x1.html","","11","1","mos_reference","keep"
"mos/4p0x1.html","4P0X1 Pharmacy Civilian Careers by Rank | Veteran Career Path","549","https://veterancareerpath.com/mos/4p0x1.html","","11","1","mos_reference","keep"
"mos/4r0x1.html","4R0X1 Diagnostic Imaging Civilian Careers by Rank | Veteran Career Path","559","https://veterancareerpath.com/mos/4r0x1.html","","11","1","mos_reference","keep"
"mos/4t0x1.html","4T0X1 Medical Laboratory Civilian Careers by Rank | Veteran Career Path","559","https://veterancareerpath.com/mos/4t0x1.html","","11","1","mos_reference","keep"
"mos/4v0x1.html","4V0X1 Ophthalmic Civilian Careers by Rank | Veteran Career Path","549","https://veterancareerpath.com/mos/4v0x1.html","","11","1","mos_reference","keep"
"mos/56a.html","56A Chaplain Civilian Careers by Rank | Veteran Career Path","547","https://veterancareerpath.com/mos/56a.html","","11","1","mos_reference","keep"
"mos/56m.html","56M Religious Affairs Specialist Civilian Careers by Rank | Veteran Career Path","553","https://veterancareerpath.com/mos/56m.html","","11","1","mos_reference","keep"
"mos/5811.html","5811 Military Police Civilian Careers by Rank | Veteran Career Path","544","https://veterancareerpath.com/mos/5811.html","","11","1","mos_reference","keep"
"mos/5821.html","5821 Criminal Investigation Division Special Civilian Careers by Rank | Veteran Career Path","563","https://veterancareerpath.com/mos/5821.html","","11","1","mos_reference","keep"
"mos/5j0x1.html","5J0X1 Paralegal Civilian Careers by Rank | Veteran Career Path","549","https://veterancareerpath.com/mos/5j0x1.html","","11","1","mos_reference","keep"
"mos/5r0x1.html","5R0X1 Chaplain Assistant Civilian Careers by Rank | Veteran Career Path","559","https://veterancareerpath.com/mos/5r0x1.html","","11","1","mos_reference","keep"
"mos/6046.html","6046 Aviation Ordnance Systems Technician Civilian Careers by Rank | Veteran Career Path","575","https://veterancareerpath.com/mos/6046.html","","11","1","mos_reference","keep"
"mos/6048.html","6048 Flight Equipment Technician Civilian Careers by Rank | Veteran Career Path","556","https://veterancareerpath.com/mos/6048.html","","11","1","mos_reference","keep"
"mos/6060.html","6060 Aviation Maintenance Administration Civilian Careers by Rank | Veteran Career Path","578","https://veterancareerpath.com/mos/6060.html","","11","1","mos_reference","keep"
"mos/6072.html","6072 Aircraft Maintenance Chief Civilian Careers by Rank | Veteran Career Path","566","https://veterancareerpath.com/mos/6072.html","","11","1","mos_reference","keep"
"mos/60a.html","60A Operational Medicine Officer Civilian Careers by Rank | Veteran Career Path","551","https://veterancareerpath.com/mos/60a.html","","11","1","mos_reference","keep"
"mos/6113.html","6113 Fixed-Wing Aircraft Mechanic Civilian Careers by Rank | Veteran Career Path","565","https://veterancareerpath.com/mos/6113.html","","11","1","mos_reference","keep"
"mos/6123.html","6123 Fixed-Wing Aircraft Power Plants Civilian Careers by Rank | Veteran Career Path","575","https://veterancareerpath.com/mos/6123.html","","11","1","mos_reference","keep"
"mos/61ax.html","61AX Science and Engineering - Civilian Careers by Rank | Veteran Career Path","651","https://veterancareerpath.com/mos/61ax.html","","12","1","mos_reference","keep"
"mos/61n.html","61N Flight Surgeon Civilian Careers by Rank | Veteran Career Path","557","https://veterancareerpath.com/mos/61n.html","","11","1","mos_reference","keep"
"mos/6213.html","6213 Helicopter Mechanic Civilian Careers by Rank | Veteran Career Path","555","https://veterancareerpath.com/mos/6213.html","","11","1","mos_reference","keep"
"mos/6223.html","6223 Helicopter Power Plants Mechanic Civilian Careers by Rank | Veteran Career Path","575","https://veterancareerpath.com/mos/6223.html","","11","1","mos_reference","keep"
"mos/6273.html","6273 Helicopter Airframes Mechanic Civilian Careers by Rank | Veteran Career Path","578","https://veterancareerpath.com/mos/6273.html","","11","1","mos_reference","keep"
"mos/62a.html","62A Emergency Physician Civilian Careers by Rank | Veteran Career Path","557","https://veterancareerpath.com/mos/62a.html","","11","1","mos_reference","keep"
"mos/62ex.html","62EX Developmental Engineer Civilian Careers by Rank | Veteran Career Path","631","https://veterancareerpath.com/mos/62ex.html","","12","1","mos_reference","keep"
"mos/63ax.html","63AX Acquisition Manager Civilian Careers by Rank | Veteran Career Path","559","https://veterancareerpath.com/mos/63ax.html","","11","1","mos_reference","keep"
"mos/66c.html","66C Psychiatric/Mental Health Nurse Civilian Careers by Rank | Veteran Career Path","567","https://veterancareerpath.com/mos/66c.html","","11","1","mos_reference","keep"
"mos/66h.html","66H Medical-Surgical Nurse Civilian Careers by Rank | Veteran Career Path","544","https://veterancareerpath.com/mos/66h.html","","11","1","mos_reference","keep"
"mos/66n.html","66N Registered Nurse Civilian Careers by Rank | Veteran Career Path","557","https://veterancareerpath.com/mos/66n.html","","11","1","mos_reference","keep"
"mos/67d.html","67D Physical Therapist Civilian Careers by Rank | Veteran Career Path","557","https://veterancareerpath.com/mos/67d.html","","11","1","mos_reference","keep"
"mos/67g.html","67G Physician Assistant Civilian Careers by Rank | Veteran Career Path","544","https://veterancareerpath.com/mos/67g.html","","11","1","mos_reference","keep"
"mos/67j.html","67J Aeromedical Physician Assistant Civilian Careers by Rank | Veteran Career Path","567","https://veterancareerpath.com/mos/67j.html","","11","1","mos_reference","keep"
"mos/68a.html","68A Biomedical Equipment Specialist Civilian Careers by Rank | Veteran Career Path","552","https://veterancareerpath.com/mos/68a.html","","11","1","mos_reference","keep"
"mos/68b.html","68B Orthopedic Specialist Civilian Careers by Rank | Veteran Career Path","545","https://veterancareerpath.com/mos/68b.html","","11","1","mos_reference","keep"
"mos/68c.html","68C Practical Nursing Specialist Civilian Careers by Rank | Veteran Career Path","555","https://veterancareerpath.com/mos/68c.html","","11","1","mos_reference","keep"
"mos/68d.html","68D Operating Room Specialist Civilian Careers by Rank | Veteran Career Path","551","https://veterancareerpath.com/mos/68d.html","","11","1","mos_reference","keep"
"mos/68e.html","68E Dental Specialist Civilian Careers by Rank | Veteran Career Path","545","https://veterancareerpath.com/mos/68e.html","","11","1","mos_reference","keep"
"mos/68f.html","68F Physical Therapy Specialist Civilian Careers by Rank | Veteran Career Path","552","https://veterancareerpath.com/mos/68f.html","","11","1","mos_reference","keep"
"mos/68g.html","68G Patient Administration Specialist Civilian Careers by Rank | Veteran Career Path","552","https://veterancareerpath.com/mos/68g.html","","11","1","mos_reference","keep"
"mos/68h.html","68H Optical Laboratory Specialist Civilian Careers by Rank | Veteran Career Path","552","https://veterancareerpath.com/mos/68h.html","","11","1","mos_reference","keep"
"mos/68j.html","68J Medical Logistics Specialist Civilian Careers by Rank | Veteran Career Path","563","https://veterancareerpath.com/mos/68j.html","","11","1","mos_reference","keep"
"mos/68k.html","68K Medical Laboratory Specialist Civilian Careers by Rank | Veteran Career Path","554","https://veterancareerpath.com/mos/68k.html","","11","1","mos_reference","keep"
"mos/68l.html","68L Occupational Therapy Specialist Civilian Careers by Rank | Veteran Career Path","552","https://veterancareerpath.com/mos/68l.html","","11","1","mos_reference","keep"
"mos/68m.html","68M Nutrition Care Specialist Civilian Careers by Rank | Veteran Career Path","553","https://veterancareerpath.com/mos/68m.html","","11","1","mos_reference","keep"
"mos/68n.html","68N Cardiovascular Specialist Civilian Careers by Rank | Veteran Career Path","543","https://veterancareerpath.com/mos/68n.html","","11","1","mos_reference","keep"
"mos/68p.html","68P Radiology Specialist Civilian Careers by Rank | Veteran Career Path","559","https://veterancareerpath.com/mos/68p.html","","11","1","mos_reference","keep"
"mos/68q.html","68Q Pharmacy Specialist Civilian Careers by Rank | Veteran Career Path","541","https://veterancareerpath.com/mos/68q.html","","11","1","mos_reference","keep"
"mos/68r.html","68R Veterinary Food Inspection Specialist Civilian Careers by Rank | Veteran Career Path","561","https://veterancareerpath.com/mos/68r.html","","11","1","mos_reference","keep"
"mos/68s.html","68S Preventive Medicine Specialist Civilian Careers by Rank | Veteran Career Path","554","https://veterancareerpath.com/mos/68s.html","","11","1","mos_reference","keep"
"mos/68t.html","68T Animal Care Specialist Civilian Careers by Rank | Veteran Career Path","555","https://veterancareerpath.com/mos/68t.html","","11","1","mos_reference","keep"
"mos/68v.html","68V Respiratory Specialist Civilian Careers by Rank | Veteran Career Path","545","https://veterancareerpath.com/mos/68v.html","","11","1","mos_reference","keep"
"mos/68w.html","68W Combat Medic Specialist Civilian Careers by Rank | Veteran Career Path","550","https://veterancareerpath.com/mos/68w.html","","11","1","mos_reference","keep"
"mos/68x.html","68X Mental Health Specialist Civilian Careers by Rank | Veteran Career Path","555","https://veterancareerpath.com/mos/68x.html","","11","1","mos_reference","keep"
"mos/68y.html","68Y Eye Specialist Civilian Careers by Rank | Veteran Career Path","542","https://veterancareerpath.com/mos/68y.html","","11","1","mos_reference","keep"
"mos/68z.html","68Z Chief Medical NCO Civilian Careers by Rank | Veteran Career Path","554","https://veterancareerpath.com/mos/68z.html","","11","1","mos_reference","keep"
"mos/6c0x1.html","6C0X1 Contracting Civilian Careers by Rank | Veteran Career Path","549","https://veterancareerpath.com/mos/6c0x1.html","","11","1","mos_reference","keep"
"mos/6f0x1.html","6F0X1 Financial Management Civilian Careers by Rank | Veteran Career Path","559","https://veterancareerpath.com/mos/6f0x1.html","","11","1","mos_reference","keep"
"mos/7212.html","7212 Low Altitude Air Defense (LAAD) Gunner Civilian Careers by Rank | Veteran Career Path","584","https://veterancareerpath.com/mos/7212.html","","11","1","mos_reference","keep"
"mos/7242.html","7242 Aircraft Rescue and Fire Fighter Civilian Careers by Rank | Veteran Career Path","592","https://veterancareerpath.com/mos/7242.html","","11","1","mos_reference","keep"
"mos/74a.html","74A Chemical and Nuclear Officer Civilian Careers by Rank | Veteran Career Path","554","https://veterancareerpath.com/mos/74a.html","","11","1","mos_reference","keep"
"mos/74d.html","74D Chemical Operations Specialist Civilian Careers by Rank | Veteran Career Path","553","https://veterancareerpath.com/mos/74d.html","","11","1","mos_reference","keep"
"mos/79r.html","79R Recruiter Civilian Careers by Rank | Veteran Career Path","532","https://veterancareerpath.com/mos/79r.html","","11","1","mos_reference","keep"
"mos/79s.html","79S Career Counselor Civilian Careers by Rank | Veteran Career Path","542","https://veterancareerpath.com/mos/79s.html","","11","1","mos_reference","keep"
"mos/79t.html","79T Recruiting and Retention NCO Civilian Careers by Rank | Veteran Career Path","562","https://veterancareerpath.com/mos/79t.html","","11","1","mos_reference","keep"
"mos/79v.html","79V Retention and Transition NCO Civilian Careers by Rank | Veteran Career Path","562","https://veterancareerpath.com/mos/79v.html","","11","1","mos_reference","keep"
"mos/7s0x1.html","7S0X1 Special Investigations Civilian Careers by Rank | Veteran Career Path","559","https://veterancareerpath.com/mos/7s0x1.html","","11","1","mos_reference","keep"
"mos/8014.html","8014 Combatant Diver Civilian Careers by Rank | Veteran Career Path","557","https://veterancareerpath.com/mos/8014.html","","11","1","mos_reference","keep"
"mos/8023.html","8023 Jump Qualified Marine Civilian Careers by Rank | Veteran Career Path","551","https://veterancareerpath.com/mos/8023.html","","11","1","mos_reference","keep"
"mos/8026.html","8026 Military Freefall Parachutist Civilian Careers by Rank | Veteran Career Path","551","https://veterancareerpath.com/mos/8026.html","","11","1","mos_reference","keep"
"mos/8531.html","8531 Marksmanship Coach Civilian Careers by Rank | Veteran Career Path","544","https://veterancareerpath.com/mos/8531.html","","11","1","mos_reference","keep"
"mos/8532.html","8532 Primary Marksmanship Instructor Civilian Careers by Rank | Veteran Career Path","554","https://veterancareerpath.com/mos/8532.html","","11","1","mos_reference","keep"
"mos/8541.html","8541 Scout Sniper Civilian Careers by Rank | Veteran Career Path","540","https://veterancareerpath.com/mos/8541.html","","11","1","mos_reference","keep"
"mos/8542.html","8542 Scout Sniper Team Leader Civilian Careers by Rank | Veteran Career Path","577","https://veterancareerpath.com/mos/8542.html","","11","1","mos_reference","keep"
"mos/8621.html","8621 SERE Instructor Civilian Careers by Rank | Veteran Career Path","547","https://veterancareerpath.com/mos/8621.html","","11","1","mos_reference","keep"
"mos/88a.html","88A Transportation Officer Civilian Careers by Rank | Veteran Career Path","545","https://veterancareerpath.com/mos/88a.html","","11","1","mos_reference","keep"
"mos/88h.html","88H Cargo Specialist Civilian Careers by Rank | Veteran Career Path","553","https://veterancareerpath.com/mos/88h.html","","11","1","mos_reference","keep"
"mos/88k.html","88K Watercraft Operator Civilian Careers by Rank | Veteran Career Path","546","https://veterancareerpath.com/mos/88k.html","","11","1","mos_reference","keep"
"mos/88l.html","88L Watercraft Engineer Civilian Careers by Rank | Veteran Career Path","613","https://veterancareerpath.com/mos/88l.html","","12","1","mos_reference","keep"
"mos/88m.html","88M Motor Transport Operator Civilian Careers by Rank | Veteran Career Path","563","https://veterancareerpath.com/mos/88m.html","","11","1","mos_reference","keep"
"mos/88n.html","88N Transportation Management Coordinator Civilian Careers by Rank | Veteran Career Path","562","https://veterancareerpath.com/mos/88n.html","","11","1","mos_reference","keep"
"mos/88z.html","88Z Transportation Senior Sergeant Civilian Careers by Rank | Veteran Career Path","566","https://veterancareerpath.com/mos/88z.html","","11","1","mos_reference","keep"
"mos/8999.html","8999 Marine Corps Martial Arts Instructor Civilian Careers by Rank | Veteran Career Path","572","https://veterancareerpath.com/mos/8999.html","","11","1","mos_reference","keep"
"mos/89a.html","89A Ammunition Stock Control and Accounting Civilian Careers by Rank | Veteran Career Path","576","https://veterancareerpath.com/mos/89a.html","","11","1","mos_reference","keep"
"mos/89b.html","89B Ammunition Specialist Civilian Careers by Rank | Veteran Career Path","546","https://veterancareerpath.com/mos/89b.html","","11","1","mos_reference","keep"
"mos/89d.html","89D Explosive Ordnance Disposal Specialist Civilian Careers by Rank | Veteran Career Path","577","https://veterancareerpath.com/mos/89d.html","","11","1","mos_reference","keep"
"mos/8b000.html","8B000 Military Training Instructor Civilian Careers by Rank | Veteran Career Path","555","https://veterancareerpath.com/mos/8b000.html","","11","1","mos_reference","keep"
"mos/8d000.html","8D000 Linguist/Language Analyst Civilian Careers by Rank | Veteran Career Path","544","https://veterancareerpath.com/mos/8d000.html","","11","1","mos_reference","keep"
"mos/8r000.html","8R000 Guardian Recruiter Civilian Careers by Rank | Veteran Career Path","559","https://veterancareerpath.com/mos/8r000.html","","11","1","mos_reference","keep"
"mos/8u000.html","8U000 Unit Deployment Manager Civilian Careers by Rank | Veteran Career Path","556","https://veterancareerpath.com/mos/8u000.html","","11","1","mos_reference","keep"
"mos/91a.html","91A M1 Abrams Tank System Maintainer Civilian Careers by Rank | Veteran Career Path","585","https://veterancareerpath.com/mos/91a.html","","11","1","mos_reference","keep"
"mos/91b.html","91B Wheeled Vehicle Mechanic Civilian Careers by Rank | Veteran Career Path","575","https://veterancareerpath.com/mos/91b.html","","11","1","mos_reference","keep"
"mos/91c.html","91C Utilities Equipment Repairer Civilian Careers by Rank | Veteran Career Path","629","https://veterancareerpath.com/mos/91c.html","","12","1","mos_reference","keep"
"mos/91d.html","91D Power Generation Equipment Civilian Careers by Rank | Veteran Career Path","572","https://veterancareerpath.com/mos/91d.html","","11","1","mos_reference","keep"
"mos/91e.html","91E Allied Trades Specialist Civilian Careers by Rank | Veteran Career Path","550","https://veterancareerpath.com/mos/91e.html","","11","1","mos_reference","keep"
"mos/91f.html","91F Small Arms/Artillery Repairer Civilian Careers by Rank | Veteran Career Path","567","https://veterancareerpath.com/mos/91f.html","","11","1","mos_reference","keep"
"mos/91g.html","91G Fire Control Repairer Civilian Careers by Rank | Veteran Career Path","567","https://veterancareerpath.com/mos/91g.html","","11","1","mos_reference","keep"
"mos/91h.html","91H Track Vehicle Repairer Civilian Careers by Rank | Veteran Career Path","581","https://veterancareerpath.com/mos/91h.html","","11","1","mos_reference","keep"
"mos/91j.html","91J Quartermaster and Chemical Civilian Careers by Rank | Veteran Career Path","564","https://veterancareerpath.com/mos/91j.html","","11","1","mos_reference","keep"
"mos/91l.html","91L Construction Equipment Repairer Civilian Careers by Rank | Veteran Career Path","627","https://veterancareerpath.com/mos/91l.html","","12","1","mos_reference","keep"
"mos/91m.html","91M Bradley Fighting Vehicle System Civilian Careers by Rank | Veteran Career Path","592","https://veterancareerpath.com/mos/91m.html","","11","1","mos_reference","keep"
"mos/91p.html","91P Artillery Mechanic Civilian Careers by Rank | Veteran Career Path","572","https://veterancareerpath.com/mos/91p.html","","11","1","mos_reference","keep"
"mos/91s.html","91S Stryker Systems Maintainer Civilian Careers by Rank | Veteran Career Path","588","https://veterancareerpath.com/mos/91s.html","","11","1","mos_reference","keep"
"mos/91x.html","91X Maintenance Supervisor Civilian Careers by Rank | Veteran Career Path","557","https://veterancareerpath.com/mos/91x.html","","11","1","mos_reference","keep"
"mos/91z.html","91Z Mechanical Maintenance Supervisor Civilian Careers by Rank | Veteran Career Path","579","https://veterancareerpath.com/mos/91z.html","","11","1","mos_reference","keep"
"mos/92a.html","92A Automated Logistical Specialist Civilian Careers by Rank | Veteran Career Path","562","https://veterancareerpath.com/mos/92a.html","","11","1","mos_reference","keep"
"mos/92f.html","92F Petroleum Supply Specialist Civilian Careers by Rank | Veteran Career Path","563","https://veterancareerpath.com/mos/92f.html","","11","1","mos_reference","keep"
"mos/92g.html","92G Culinary Specialist Civilian Careers by Rank | Veteran Career Path","548","https://veterancareerpath.com/mos/92g.html","","11","1","mos_reference","keep"
"mos/92l.html","92L Petroleum Laboratory Specialist Civilian Careers by Rank | Veteran Career Path","554","https://veterancareerpath.com/mos/92l.html","","11","1","mos_reference","keep"
"mos/92m.html","92M Mortuary Affairs Specialist Civilian Careers by Rank | Veteran Career Path","556","https://veterancareerpath.com/mos/92m.html","","11","1","mos_reference","keep"
"mos/92r.html","92R Parachute Rigger Civilian Careers by Rank | Veteran Career Path","546","https://veterancareerpath.com/mos/92r.html","","11","1","mos_reference","keep"
"mos/92s.html","92S Shower/Laundry and Clothing Civilian Careers by Rank | Veteran Career Path","562","https://veterancareerpath.com/mos/92s.html","","11","1","mos_reference","keep"
"mos/92w.html","92W Water Treatment Specialist Civilian Careers by Rank | Veteran Career Path","557","https://veterancareerpath.com/mos/92w.html","","11","1","mos_reference","keep"
"mos/92y.html","92Y Unit Supply Specialist Civilian Careers by Rank | Veteran Career Path","562","https://veterancareerpath.com/mos/92y.html","","11","1","mos_reference","keep"
"mos/92z.html","92Z Senior Noncommissioned Logistics Officer Civilian Careers by Rank | Veteran Career Path","578","https://veterancareerpath.com/mos/92z.html","","11","1","mos_reference","keep"
"mos/94a.html","94A Land Combat Electronic Missile System Civilian Careers by Rank | Veteran Career Path","577","https://veterancareerpath.com/mos/94a.html","","11","1","mos_reference","keep"
"mos/94d.html","94D Air Traffic Control Equipment Repairer Civilian Careers by Rank | Veteran Career Path","588","https://veterancareerpath.com/mos/94d.html","","11","1","mos_reference","keep"
"mos/94e.html","94E Radio and Communications Security Civilian Careers by Rank | Veteran Career Path","583","https://veterancareerpath.com/mos/94e.html","","11","1","mos_reference","keep"
"mos/94f.html","94F Special Electronic Devices Civilian Careers by Rank | Veteran Career Path","564","https://veterancareerpath.com/mos/94f.html","","11","1","mos_reference","keep"
"mos/94h.html","94H Test Measurement and Diagnostic Equipment Civilian Careers by Rank | Veteran Career Path","576","https://veterancareerpath.com/mos/94h.html","","11","1","mos_reference","keep"
"mos/94m.html","94M Radar Repairer Civilian Careers by Rank | Veteran Career Path","558","https://veterancareerpath.com/mos/94m.html","","11","1","mos_reference","keep"
"mos/94p.html","94P Multiple Launch Rocket System Repairer Civilian Careers by Rank | Veteran Career Path","588","https://veterancareerpath.com/mos/94p.html","","11","1","mos_reference","keep"
"mos/94r.html","94R Avionic and Survivability Civilian Careers by Rank | Veteran Career Path","562","https://veterancareerpath.com/mos/94r.html","","11","1","mos_reference","keep"
"mos/94s.html","94S Patriot System Repairer Civilian Careers by Rank | Veteran Career Path","568","https://veterancareerpath.com/mos/94s.html","","11","1","mos_reference","keep"
"mos/94t.html","94T Avenger System Repairer Civilian Careers by Rank | Veteran Career Path","568","https://veterancareerpath.com/mos/94t.html","","11","1","mos_reference","keep"
"mos/94w.html","94W Electronic Maintenance Chief Civilian Careers by Rank | Veteran Career Path","567","https://veterancareerpath.com/mos/94w.html","","11","1","mos_reference","keep"
"mos/94y.html","94Y Integrated Family of Test Civilian Careers by Rank | Veteran Career Path","567","https://veterancareerpath.com/mos/94y.html","","11","1","mos_reference","keep"
"mos/94z.html","94Z Senior Electronic Maintenance Sergeant Civilian Careers by Rank | Veteran Career Path","587","https://veterancareerpath.com/mos/94z.html","","11","1","mos_reference","keep"
"mos/ab.html","AB Aviation Boatswain&#39;s Mate Civilian Careers by Rank | Veteran Career Path","557","https://veterancareerpath.com/mos/ab.html","","11","1","mos_reference","keep"
"mos/ac.html","AC Air Traffic Controller Civilian Careers by Rank | Veteran Career Path","552","https://veterancareerpath.com/mos/ac.html","","11","1","mos_reference","keep"
"mos/ad.html","AD Aviation Machinist&#39;s Mate Civilian Careers by Rank | Veteran Career Path","565","https://veterancareerpath.com/mos/ad.html","","11","1","mos_reference","keep"
"mos/ae.html","AE Aviation Electrician&#39;s Mate Civilian Careers by Rank | Veteran Career Path","623","https://veterancareerpath.com/mos/ae.html","","12","1","mos_reference","keep"
"mos/aet.html","AET Aviation Electrical Technician Civilian Careers by Rank | Veteran Career Path","553","https://veterancareerpath.com/mos/aet.html","","11","1","mos_reference","keep"
"mos/ag.html","AG Aerographer&#39;s Mate Civilian Careers by Rank | Veteran Career Path","543","https://veterancareerpath.com/mos/ag.html","","11","1","mos_reference","keep"
"mos/am.html","AM Aviation Structural Mechanic Civilian Careers by Rank | Veteran Career Path","565","https://veterancareerpath.com/mos/am.html","","11","1","mos_reference","keep"
"mos/ame.html","AME Aviation Structural Mechanic (Safety Civilian Careers by Rank | Veteran Career Path","575","https://veterancareerpath.com/mos/ame.html","","11","1","mos_reference","keep"
"mos/amt.html","AMT Aviation Maintenance Technician Civilian Careers by Rank | Veteran Career Path","567","https://veterancareerpath.com/mos/amt.html","","11","1","mos_reference","keep"
"mos/ao.html","AO Aviation Ordnanceman Civilian Careers by Rank | Veteran Career Path","557","https://veterancareerpath.com/mos/ao.html","","11","1","mos_reference","keep"
"mos/as.html","AS Aviation Support Equipment Civilian Careers by Rank | Veteran Career Path","557","https://veterancareerpath.com/mos/as.html","","11","1","mos_reference","keep"
"mos/ast.html","AST Aviation Survival Technician Civilian Careers by Rank | Veteran Career Path","563","https://veterancareerpath.com/mos/ast.html","","11","1","mos_reference","keep"
"mos/at.html","AT Aviation Electronics Technician Civilian Careers by Rank | Veteran Career Path","562","https://veterancareerpath.com/mos/at.html","","11","1","mos_reference","keep"
"mos/aton.html","ATON Aids to Navigation Specialist Civilian Careers by Rank | Veteran Career Path","579","https://veterancareerpath.com/mos/aton.html","","11","1","mos_reference","keep"
"mos/avi.html","AVI Avionics Technician Civilian Careers by Rank | Veteran Career Path","570","https://veterancareerpath.com/mos/avi.html","","11","1","mos_reference","keep"
"mos/aw.html","AW Naval Aircrewman Civilian Careers by Rank | Veteran Career Path","542","https://veterancareerpath.com/mos/aw.html","","11","1","mos_reference","keep"
"mos/az.html","AZ Aviation Maintenance Administrationman Civilian Careers by Rank | Veteran Career Path","565","https://veterancareerpath.com/mos/az.html","","11","1","mos_reference","keep"
"mos/bm.html","BM Boatswain&#39;s Mate Civilian Careers by Rank | Veteran Career Path","548","https://veterancareerpath.com/mos/bm.html","","11","1","mos_reference","keep"
"mos/bt-m.html","BT-M Boarding Team Member Civilian Careers by Rank | Veteran Career Path","569","https://veterancareerpath.com/mos/bt-m.html","","11","1","mos_reference","keep"
"mos/btl.html","BTL Boarding Team Leader Civilian Careers by Rank | Veteran Career Path","569","https://veterancareerpath.com/mos/btl.html","","11","1","mos_reference","keep"
"mos/bto.html","BTO Boarding Team Officer Civilian Careers by Rank | Veteran Career Path","561","https://veterancareerpath.com/mos/bto.html","","11","1","mos_reference","keep"
"mos/bu.html","BU Builder Civilian Careers by Rank | Veteran Career Path","542","https://veterancareerpath.com/mos/bu.html","","11","1","mos_reference","keep"
"mos/ce.html","CE Construction Electrician Civilian Careers by Rank | Veteran Career Path","628","https://veterancareerpath.com/mos/ce.html","","12","1","mos_reference","keep"
"mos/cm.html","CM Construction Mechanic Civilian Careers by Rank | Veteran Career Path","641","https://veterancareerpath.com/mos/cm.html","","12","1","mos_reference","keep"
"mos/cs.html","CS Culinary Specialist Civilian Careers by Rank | Veteran Career Path","548","https://veterancareerpath.com/mos/cs.html","","11","1","mos_reference","keep"
"mos/css.html","CSS Culinary Specialist (Submarine) Civilian Careers by Rank | Veteran Career Path","558","https://veterancareerpath.com/mos/css.html","","11","1","mos_reference","keep"
"mos/cti.html","CTI Cryptologic Technician (Interpretive) Civilian Careers by Rank | Veteran Career Path","568","https://veterancareerpath.com/mos/cti.html","","11","1","mos_reference","keep"
"mos/ctm.html","CTM Cryptologic Technician Civilian Careers by Rank | Veteran Career Path","563","https://veterancareerpath.com/mos/ctm.html","","11","1","mos_reference","keep"
"mos/ctn.html","CTN Cryptologic Technician (Networks) Civilian Careers by Rank | Veteran Career Path","568","https://veterancareerpath.com/mos/ctn.html","","11","1","mos_reference","keep"
"mos/ctr.html","CTR Cryptologic Technician Civilian Careers by Rank | Veteran Career Path","560","https://veterancareerpath.com/mos/ctr.html","","11","1","mos_reference","keep"
"mos/ctt.html","CTT Cryptologic Technician Civilian Careers by Rank | Veteran Career Path","567","https://veterancareerpath.com/mos/ctt.html","","11","1","mos_reference","keep"
"mos/cwo-bm.html","CWO-BM Warrant Boatswain Civilian Careers by Rank | Veteran Career Path","559","https://veterancareerpath.com/mos/cwo-bm.html","","11","1","mos_reference","keep"
"mos/cx.html","CX Coxswain Qualified Civilian Careers by Rank | Veteran Career Path","559","https://veterancareerpath.com/mos/cx.html","","11","1","mos_reference","keep"
"mos/dc.html","DC Damage Controlman Civilian Careers by Rank | Veteran Career Path","548","https://veterancareerpath.com/mos/dc.html","","11","1","mos_reference","keep"
"mos/dp.html","DP Dive Qualified Civilian Careers by Rank | Veteran Career Path","559","https://veterancareerpath.com/mos/dp.html","","11","1","mos_reference","keep"
"mos/dt.html","DT Dental Technician Civilian Careers by Rank | Veteran Career Path","541","https://veterancareerpath.com/mos/dt.html","","11","1","mos_reference","keep"
"mos/ea.html","EA Engineering Aid Civilian Careers by Rank | Veteran Career Path","623","https://veterancareerpath.com/mos/ea.html","","12","1","mos_reference","keep"
"mos/elc.html","ELC Electronics Technician Civilian Careers by Rank | Veteran Career Path","570","https://veterancareerpath.com/mos/elc.html","","11","1","mos_reference","keep"
"mos/em.html","EM Electrician&#39;s Mate Civilian Careers by Rank | Veteran Career Path","621","https://veterancareerpath.com/mos/em.html","","12","1","mos_reference","keep"
"mos/emn.html","EMN Electrician&#39;s Mate (Nuclear) Civilian Careers by Rank | Veteran Career Path","628","https://veterancareerpath.com/mos/emn.html","","12","1","mos_reference","keep"
"mos/en.html","EN Engineman Civilian Careers by Rank | Veteran Career Path","531","https://veterancareerpath.com/mos/en.html","","11","1","mos_reference","keep"
"mos/eo.html","EO Equipment Operator Civilian Careers by Rank | Veteran Career Path","618","https://veterancareerpath.com/mos/eo.html","","12","1","mos_reference","keep"
"mos/eod.html","EOD Explosive Ordnance Disposal Technician Civilian Careers by Rank | Veteran Career Path","577","https://veterancareerpath.com/mos/eod.html","","11","1","mos_reference","keep"
"mos/et.html","ET Electronics Technician Civilian Careers by Rank | Veteran Career Path","560","https://veterancareerpath.com/mos/et.html","","11","1","mos_reference","keep"
"mos/etn.html","ETN Electronics Technician (Nuclear) Civilian Careers by Rank | Veteran Career Path","568","https://veterancareerpath.com/mos/etn.html","","11","1","mos_reference","keep"
"mos/fc.html","FC Fire Controlman Civilian Careers by Rank | Veteran Career Path","544","https://veterancareerpath.com/mos/fc.html","","11","1","mos_reference","keep"
"mos/fca.html","FCA Fire Controlman (Aegis) Civilian Careers by Rank | Veteran Career Path","554","https://veterancareerpath.com/mos/fca.html","","11","1","mos_reference","keep"
"mos/fs.html","FS Food Service Specialist Civilian Careers by Rank | Veteran Career Path","560","https://veterancareerpath.com/mos/fs.html","","11","1","mos_reference","keep"
"mos/ft.html","FT Fire Control Technician Civilian Careers by Rank | Veteran Career Path","554","https://veterancareerpath.com/mos/ft.html","","11","1","mos_reference","keep"
"mos/gm.html","GM Gunner&#39;s Mate Civilian Careers by Rank | Veteran Career Path","548","https://veterancareerpath.com/mos/gm.html","","11","1","mos_reference","keep"
"mos/gs.html","GS Gas Turbine Systems Technician Civilian Careers by Rank | Veteran Career Path","577","https://veterancareerpath.com/mos/gs.html","","11","1","mos_reference","keep"
"mos/hm.html","HM Hospital Corpsman Civilian Careers by Rank | Veteran Career Path","551","https://veterancareerpath.com/mos/hm.html","","11","1","mos_reference","keep"
"mos/hs.html","HS Health Services Technician Civilian Careers by Rank | Veteran Career Path","553","https://veterancareerpath.com/mos/hs.html","","11","1","mos_reference","keep"
"mos/ht.html","HT Hull Maintenance Technician Civilian Careers by Rank | Veteran Career Path","571","https://veterancareerpath.com/mos/ht.html","","11","1","mos_reference","keep"
"mos/ic.html","IC Interior Communications Civilian Careers by Rank | Veteran Career Path","571","https://veterancareerpath.com/mos/ic.html","","11","1","mos_reference","keep"
"mos/is.html","IS Intelligence Specialist Civilian Careers by Rank | Veteran Career Path","559","https://veterancareerpath.com/mos/is.html","","11","1","mos_reference","keep"
"mos/it.html","IT Information Systems Technician Civilian Careers by Rank | Veteran Career Path","579","https://veterancareerpath.com/mos/it.html","","11","1","mos_reference","keep"
"mos/iv.html","IV Investigator Civilian Careers by Rank | Veteran Career Path","535","https://veterancareerpath.com/mos/iv.html","","11","1","mos_reference","keep"
"mos/ln.html","LN Legalman Civilian Careers by Rank | Veteran Career Path","533","https://veterancareerpath.com/mos/ln.html","","11","1","mos_reference","keep"
"mos/ls.html","LS Logistics Specialist Civilian Careers by Rank | Veteran Career Path","564","https://veterancareerpath.com/mos/ls.html","","11","1","mos_reference","keep"
"mos/lss.html","LSS Logistics Specialist (Submarine) Civilian Careers by Rank | Veteran Career Path","574","https://veterancareerpath.com/mos/lss.html","","11","1","mos_reference","keep"
"mos/ma.html","MA Master-at-Arms Civilian Careers by Rank | Veteran Career Path","534","https://veterancareerpath.com/mos/ma.html","","11","1","mos_reference","keep"
"mos/mc.html","MC Mass Communication Specialist Civilian Careers by Rank | Veteran Career Path","586","https://veterancareerpath.com/mos/mc.html","","11","1","mos_reference","keep"
"mos/me.html","ME Maritime Enforcement Specialist Civilian Careers by Rank | Veteran Career Path","556","https://veterancareerpath.com/mos/me.html","","11","1","mos_reference","keep"
"mos/merpol.html","MERPOL Marine Environmental Civilian Careers by Rank | Veteran Career Path","559","https://veterancareerpath.com/mos/merpol.html","","11","1","mos_reference","keep"
"mos/mk.html","MK Machinery Technician Civilian Careers by Rank | Veteran Career Path","554","https://veterancareerpath.com/mos/mk.html","","11","1","mos_reference","keep"
"mos/mm.html","MM Machinist&#39;s Mate Civilian Careers by Rank | Veteran Career Path","559","https://veterancareerpath.com/mos/mm.html","","11","1","mos_reference","keep"
"mos/mmn.html","MMN Machinist&#39;s Mate (Nuclear) Civilian Careers by Rank | Veteran Career Path","569","https://veterancareerpath.com/mos/mmn.html","","11","1","mos_reference","keep"
"mos/mn.html","MN Mineman Civilian Careers by Rank | Veteran Career Path","536","https://veterancareerpath.com/mos/mn.html","","11","1","mos_reference","keep"
"mos/mr.html","MR Machinery Repairman Civilian Careers by Rank | Veteran Career Path","551","https://veterancareerpath.com/mos/mr.html","","11","1","mos_reference","keep"
"mos/mso.html","MSO Marine Safety Officer Civilian Careers by Rank | Veteran Career Path","561","https://veterancareerpath.com/mos/mso.html","","11","1","mos_reference","keep"
"mos/mst.html","MST Marine Science Technician Civilian Careers by Rank | Veteran Career Path","559","https://veterancareerpath.com/mos/mst.html","","11","1","mos_reference","keep"
"mos/mt.html","MT Missile Technician Civilian Careers by Rank | Veteran Career Path","544","https://veterancareerpath.com/mos/mt.html","","11","1","mos_reference","keep"
"mos/mu.html","MU Musician Civilian Careers by Rank | Veteran Career Path","534","https://veterancareerpath.com/mos/mu.html","","11","1","mos_reference","keep"
"mos/nd.html","ND Navy Diver Civilian Careers by Rank | Veteran Career Path","541","https://veterancareerpath.com/mos/nd.html","","11","1","mos_reference","keep"
"mos/ood.html","OOD Officer of the Deck Civilian Careers by Rank | Veteran Career Path","571","https://veterancareerpath.com/mos/ood.html","","11","1","mos_reference","keep"
"mos/oow.html","OOW Officer of the Watch Civilian Careers by Rank | Veteran Career Path","571","https://veterancareerpath.com/mos/oow.html","","11","1","mos_reference","keep"
"mos/os.html","OS Operations Specialist Civilian Careers by Rank | Veteran Career Path","546","https://veterancareerpath.com/mos/os.html","","11","1","mos_reference","keep"
"mos/osc.html","OSC On-Scene Commander Civilian Careers by Rank | Veteran Career Path","551","https://veterancareerpath.com/mos/osc.html","","11","1","mos_reference","keep"
"mos/pa.html","PA Public Affairs Specialist Civilian Careers by Rank | Veteran Career Path","554","https://veterancareerpath.com/mos/pa.html","","11","1","mos_reference","keep"
"mos/pr.html","PR Aircrew Survival Equipmentman Civilian Careers by Rank | Veteran Career Path","563","https://veterancareerpath.com/mos/pr.html","","11","1","mos_reference","keep"
"mos/ps.html","PS Port Security Specialist Civilian Careers by Rank | Veteran Career Path","569","https://veterancareerpath.com/mos/ps.html","","11","1","mos_reference","keep"
"mos/qm.html","QM Quartermaster Civilian Careers by Rank | Veteran Career Path","536","https://veterancareerpath.com/mos/qm.html","","11","1","mos_reference","keep"
"mos/rp.html","RP Religious Program Specialist Civilian Careers by Rank | Veteran Career Path","565","https://veterancareerpath.com/mos/rp.html","","11","1","mos_reference","keep"
"mos/sar.html","SAR Search and Rescue Coordinator Civilian Careers by Rank | Veteran Career Path","579","https://veterancareerpath.com/mos/sar.html","","11","1","mos_reference","keep"
"mos/sb.html","SB Special Warfare Boat Operator Civilian Careers by Rank | Veteran Career Path","561","https://veterancareerpath.com/mos/sb.html","","11","1","mos_reference","keep"
"mos/sh.html","SH Ship&#39;s Serviceman Civilian Careers by Rank | Veteran Career Path","547","https://veterancareerpath.com/mos/sh.html","","11","1","mos_reference","keep"
"mos/sk.html","SK Storekeeper Civilian Careers by Rank | Veteran Career Path","550","https://veterancareerpath.com/mos/sk.html","","11","1","mos_reference","keep"
"mos/so.html","SO Special Warfare Operator (SEAL) Civilian Careers by Rank | Veteran Career Path","561","https://veterancareerpath.com/mos/so.html","","11","1","mos_reference","keep"
"mos/stg.html","STG Sonar Technician (Surface) Civilian Careers by Rank | Veteran Career Path","557","https://veterancareerpath.com/mos/stg.html","","11","1","mos_reference","keep"
"mos/sts.html","STS Sonar Technician (Submarine) Civilian Careers by Rank | Veteran Career Path","557","https://veterancareerpath.com/mos/sts.html","","11","1","mos_reference","keep"
"mos/sw.html","SW Steelworker Civilian Careers by Rank | Veteran Career Path","534","https://veterancareerpath.com/mos/sw.html","","11","1","mos_reference","keep"
"mos/tc.html","TC Telecommunications Specialist Civilian Careers by Rank | Veteran Career Path","575","https://veterancareerpath.com/mos/tc.html","","11","1","mos_reference","keep"
"mos/tm.html","TM Torpedoman&#39;s Mate Civilian Careers by Rank | Veteran Career Path","560","https://veterancareerpath.com/mos/tm.html","","11","1","mos_reference","keep"
"mos/ut.html","UT Utilitiesman Civilian Careers by Rank | Veteran Career Path","625","https://veterancareerpath.com/mos/ut.html","","12","1","mos_reference","keep"
"mos/yn.html","YN Yeoman Civilian Careers by Rank | Veteran Career Path","549","https://veterancareerpath.com/mos/yn.html","","11","1","mos_reference","keep"
"mos/yns.html","YNS Yeoman (Submarine) Civilian Careers by Rank | Veteran Career Path","542","https://veterancareerpath.com/mos/yns.html","","11","1","mos_reference","keep"
"navy-rate-careers.html","Navy Rate Civilian Careers 2026 | All Navy Ratings","1884","https://veterancareerpath.com/navy-rate-careers.html","","472","0","resource_page","keep"
"nebraska-veteran-benefits.html","Nebraska Veteran Benefits 2026 | State Benefits & Programs","2685","https://veterancareerpath.com/nebraska-veteran-benefits.html","","391","0","state_benefits_sources_review","add official current state/VA sources or noindex"
"nevada-veteran-benefits.html","Nevada Veteran Benefits 2026 | Tax-Free & Veteran Programs","2673","https://veterancareerpath.com/nevada-veteran-benefits.html","","391","0","state_benefits_sources_review","add official current state/VA sources or noindex"
"new-hampshire-veteran-benefits.html","New Hampshire Veteran Benefits 2026 | Tax-Free & Veteran Programs","2728","https://veterancareerpath.com/new-hampshire-veteran-benefits.html","","391","0","state_benefits_sources_review","add official current state/VA sources or noindex"
"new-jersey-veteran-benefits.html","New Jersey Veteran Benefits 2026 | Tax-Free Retirement & Programs","2769","https://veterancareerpath.com/new-jersey-veteran-benefits.html","","391","0","state_benefits_sources_review","add official current state/VA sources or noindex"
"new-mexico-veteran-benefits.html","New Mexico Veteran Benefits 2026 | State Benefits & Programs","2746","https://veterancareerpath.com/new-mexico-veteran-benefits.html","","391","0","state_benefits_sources_review","add official current state/VA sources or noindex"
"new-york-veteran-benefits.html","New York Veteran Benefits 2026 | MERIT Scholarship & Tax Benefits","2838","https://veterancareerpath.com/new-york-veteran-benefits.html","","391","0","state_benefits_sources_review","add official current state/VA sources or noindex"
"north-carolina-veteran-benefits.html","North Carolina Veteran Benefits 2026 | Tax-Free Retirement & Operation Coming Home","2768","https://veterancareerpath.com/north-carolina-veteran-benefits.html","","391","0","state_benefits_sources_review","add official current state/VA sources or noindex"
"north-dakota-veteran-benefits.html","North Dakota Veteran Benefits 2026 | Tax-Free Retirement & Programs","2769","https://veterancareerpath.com/north-dakota-veteran-benefits.html","","391","0","state_benefits_sources_review","add official current state/VA sources or noindex"
"offline.html","Offline | Veteran Career Path","36","","noindex, follow","3","0","noindex_or_legacy","excluded from sitemap or redirected"
"ohio-veteran-benefits.html","Ohio Veteran Benefits 2026 | GI Promise & Veterans Bonus","2704","https://veterancareerpath.com/ohio-veteran-benefits.html","","391","0","state_benefits_sources_review","add official current state/VA sources or noindex"
"oklahoma-veteran-benefits.html","Oklahoma Veteran Benefits 2026 | Tax-Free Retirement & Programs","2706","https://veterancareerpath.com/oklahoma-veteran-benefits.html","","391","0","state_benefits_sources_review","add official current state/VA sources or noindex"
"oregon-veteran-benefits.html","Oregon Veteran Benefits 2026 | Tax-Free Retirement & Programs","2706","https://veterancareerpath.com/oregon-veteran-benefits.html","","391","0","state_benefits_sources_review","add official current state/VA sources or noindex"
"pcs-ets-move-calculator.html","PCS & DITY Move Calculator 2026 | Free Estimate","3009","https://veterancareerpath.com/pcs-ets-move-calculator.html","","389","6","tool_page","keep"
"pennsylvania-veteran-benefits.html","Pennsylvania Veteran Benefits 2026 | Education Gratuity & Tax Benefits","2700","https://veterancareerpath.com/pennsylvania-veteran-benefits.html","","391","0","state_benefits_sources_review","add official current state/VA sources or noindex"
"privacy-policy.html","Privacy Policy - Veteran Career Path","2175","https://veterancareerpath.com/privacy-policy.html","","367","3","standard_page","keep"
"remote-careers-disabled-veterans.html","Remote Careers for Disabled Veterans 2026","1881","https://veterancareerpath.com/remote-careers-disabled-veterans.html","","392","0","resource_page","keep"
"rhode-island-veteran-benefits.html","Rhode Island Veteran Benefits 2026 | State Benefits & Programs","2746","https://veterancareerpath.com/rhode-island-veteran-benefits.html","","391","0","state_benefits_sources_review","add official current state/VA sources or noindex"
"salary-negotiation-roleplay.html","Salary Negotiation Role-Play | Veteran Career Path","1149","https://veterancareerpath.com/tools-salary-negotiator.html","noindex,follow","370","1","noindex_or_legacy","excluded from sitemap or redirected"
"schedule-a-federal-hiring.html","Schedule A Federal Hiring for Disabled Veterans 2026","1884","https://veterancareerpath.com/schedule-a-federal-hiring.html","","390","0","standard_page","keep"
"scout-cover-letter.html","Scout Cover Letter Builder | AI-Powered Veteran Cover Letter | $5","1273","https://veterancareerpath.com/scout-cover-letter.html","","366","2","tool_page","keep"
"scout-resume-builder.html","Scout Resume Builder | AI-Powered Veteran Resume | Veteran Career Path","2308","https://veterancareerpath.com/scout-resume-builder.html","","367","3","tool_page","keep"
"scra-guide-for-veterans.html","SCRA Guide 2026 | Servicemembers Civil Relief Act","1700","https://veterancareerpath.com/scra-guide-for-veterans.html","","390","0","resource_page","keep"
"security-clearance-salary.html","Security Clearance Salary Guide 2026 | Cleared Job Pay","1745","https://veterancareerpath.com/security-clearance-salary.html","","390","0","resource_page","keep"
"sgli-vgli-guide.html","SGLI to VGLI Life Insurance Guide 2026","1547","https://veterancareerpath.com/sgli-vgli-guide.html","","390","0","resource_page","keep"
"should-i-reenlist-calculator.html","Reenlist vs Separate Calculator 2026 | VeteranCareerPath","2676","https://veterancareerpath.com/should-i-reenlist-calculator.html","","368","0","tool_page","keep"
"sitemap-visual.html","VeteranCareerPath.com, Visual Site Map","49","","noindex,nofollow","0","0","noindex_or_legacy","excluded from sitemap or redirected"
"skillbridge-program-guide.html","SkillBridge Program Guide 2026 | Military to Civilian","1855","https://veterancareerpath.com/skillbridge-program-guide.html","","390","0","resource_page","keep"
"south-carolina-veteran-benefits.html","South Carolina Veteran Benefits 2026 | State Benefits & Programs","2746","https://veterancareerpath.com/south-carolina-veteran-benefits.html","","391","0","state_benefits_sources_review","add official current state/VA sources or noindex"
"south-dakota-veteran-benefits.html","South Dakota Veteran Benefits 2026 | Tax-Free & Veteran Programs","2732","https://veterancareerpath.com/south-dakota-veteran-benefits.html","","391","0","state_benefits_sources_review","add official current state/VA sources or noindex"
"space-force-afsc-careers.html","Space Force AFSC Civilian Careers 2026","1612","https://veterancareerpath.com/space-force-afsc-careers.html","","439","0","resource_page","keep"
"state-veteran-benefits.html","State Veteran Benefits 2026 | All 50 States Guide","2467","https://veterancareerpath.com/state-veteran-benefits.html","","441","0","state_benefits_sources_review","add official current state/VA sources or noindex"
"survivor-benefit-plan-guide.html","Survivor Benefit Plan (SBP) Guide 2026","1558","https://veterancareerpath.com/survivor-benefit-plan-guide.html","","390","0","resource_page","keep"
"tap-resource-pack.html","TAP Counselor Resource Pack 2026 | Printable Checklists, Benefits Cards &amp; Transition Tools","3133","https://veterancareerpath.com/tap-resource-pack.html","","501","0","resource_page","keep"
"tap-transition-guide.html","TAP Transition Guide 2026 | What TAP Misses","2149","https://veterancareerpath.com/tap-transition-guide.html","","399","0","resource_page","keep"
"tennessee-veteran-benefits.html","Tennessee Veteran Benefits 2026 | Tax-Free & Veteran Programs","2672","https://veterancareerpath.com/tennessee-veteran-benefits.html","","391","0","state_benefits_sources_review","add official current state/VA sources or noindex"
"terms-of-service.html","Redirecting to Terms of Service - Veteran Career Path","15","https://veterancareerpath.com/terms.html","noindex, nofollow","1","0","noindex_or_legacy","excluded from sitemap or redirected"
"terms.html","Terms of Service - Veteran Career Path","1955","https://veterancareerpath.com/terms.html","","379","0","standard_page","keep"
"texas-veteran-benefits.html","Texas Veteran Benefits 2026 | VLB & Hazelwood Act","3000","https://veterancareerpath.com/texas-veteran-benefits.html","","391","0","state_benefits_sources_review","add official current state/VA sources or noindex"
"tools-cert-advisor.html","AI Certification Advisor for Veterans | MOS to Cert","1962","https://veterancareerpath.com/tools-cert-advisor.html","","392","1","tool_page","keep"
"tools-federal-resume.html","AI Federal Resume Builder for Veterans | Current USAJOBS Guidance","1514","https://veterancareerpath.com/tools-federal-resume.html","","390","1","tool_page","keep"
"tools-interview-simulator.html","AI Interview Simulator for Veterans | Practice Answers","2002","https://veterancareerpath.com/tools-interview-simulator.html","","390","1","tool_page","keep"
"tools-job-match.html","AI Job Match Analyzer for Veterans | VeteranCareerPath","1930","https://veterancareerpath.com/tools-job-match.html","","392","1","tool_page","keep"
"tools-job-tracker.html","Job Application Tracker for Veterans | Military to Civ","1939","https://veterancareerpath.com/tools-job-tracker.html","","391","3","tool_page","keep"
"tools-linkedin-builder.html","AI LinkedIn Profile Builder for Veterans","1835","https://veterancareerpath.com/tools-linkedin-builder.html","","390","1","tool_page","keep"
"tools-newsletter.html","Veteran Career Newsletter 2026 | Weekly Job Tips","1352","https://veterancareerpath.com/tools-newsletter.html","noindex,nofollow","391","3","noindex_or_legacy","excluded from sitemap or redirected"
"tools-salary-negotiator.html","AI Salary Negotiator for Veterans | Counter Offer Help","1894","https://veterancareerpath.com/tools-salary-negotiator.html","","391","1","tool_page","keep"
"top-companies-hiring-veterans-2025.html","Top Companies Hiring Veterans 2026 | Apply Now","2057","https://veterancareerpath.com/top-companies-hiring-veterans-2025.html","","390","0","standard_page","keep"
"training.html","Veteran Career Training Library 2026 | Video Courses","1217","https://veterancareerpath.com/training.html","","401","0","standard_page","keep"
"training/bootcamp.html","Transition Bootcamp | Veteran Career Training","4022","https://veterancareerpath.com/training/bootcamp.html","","408","0","standard_page","keep"
"training/cyber.html","Cybersecurity Career Track | Veteran Career Training","3045","https://veterancareerpath.com/training/cyber.html","","408","0","standard_page","keep"
"training/disability-claims.html","VA Disability Claims Training 2026 | VeteranCareerPath","2110","https://veterancareerpath.com/training/disability-claims.html","","387","0","standard_page","keep"
"training/federal.html","Federal & Defense Career Track | Veteran Career Training","2823","https://veterancareerpath.com/training/federal.html","","408","0","standard_page","keep"
"training/healthcare.html","Healthcare Career Track | Veteran Career Training","2760","https://veterancareerpath.com/training/healthcare.html","","408","0","standard_page","keep"
"training/interview.html","Interview Confidence | Veteran Career Training","3332","https://veterancareerpath.com/training/interview.html","","408","0","resource_page","keep"
"training/lawenforcement.html","Law Enforcement Career Track | Veteran Career Training","2630","https://veterancareerpath.com/training/lawenforcement.html","","408","0","standard_page","keep"
"training/linkedin.html","LinkedIn Profile Mastery | Veteran Career Training","3608","https://veterancareerpath.com/training/linkedin.html","","408","0","standard_page","keep"
"training/logistics.html","Logistics & Supply Chain Track | Veteran Career Training","2682","https://veterancareerpath.com/training/logistics.html","","408","0","standard_page","keep"
"training/networking.html","Veteran Networking Guide 2026 | VeteranCareerPath","1997","https://veterancareerpath.com/training/networking.html","","387","0","resource_page","keep"
"training/resume.html","Resume Mastery | Veteran Career Training","3037","https://veterancareerpath.com/training/resume.html","","408","0","resource_page","keep"
"training/salary-negotiation.html","Salary Negotiation for Veterans - Scripts, | VeteranCareerPath","2173","https://veterancareerpath.com/training/salary-negotiation.html","","387","0","standard_page","keep"
"training/va-benefits.html","VA Benefits Training 2026 | Complete Guide | VeteranCareerPath","2147","https://veterancareerpath.com/training/va-benefits.html","","387","0","resource_page","keep"
"transition-timeline-planner.html","Transition Timeline Planner | Veteran Career Path","1189","https://veterancareerpath.com/transition-timeline-planner.html","","370","1","standard_page","keep"
"tricare-after-separation.html","TRICARE After Separation 2026 | Health Coverage Options","1568","https://veterancareerpath.com/tricare-after-separation.html","","390","0","standard_page","keep"
"tsp-guide-for-veterans.html","Military TSP Guide 2026 | Thrift Savings Plan for Vets","1597","https://veterancareerpath.com/tsp-guide-for-veterans.html","","390","0","resource_page","keep"
"usajobs-guide.html","USAJobs Guide for Veterans 2026 | How to Get Hired","2019","https://veterancareerpath.com/usajobs-guide.html","","391","0","resource_page","keep"
"userra-employment-rights.html","USERRA Employment Rights Guide 2026 | Veteran Job Rights","1590","https://veterancareerpath.com/userra-employment-rights.html","","390","0","resource_page","keep"
"utah-veteran-benefits.html","Utah Veteran Benefits 2026 | State Benefits & Programs","2685","https://veterancareerpath.com/utah-veteran-benefits.html","","391","0","state_benefits_sources_review","add official current state/VA sources or noindex"
"va-aid-attendance-guide.html","VA Aid & Attendance Benefit Guide 2026 | Rates, Eligibility & How to Apply","2337","https://veterancareerpath.com/va-aid-attendance-guide.html","","391","0","resource_page","keep"
"va-benefits-checklist.html","VA Benefits Checklist 2026 | All Veteran Benefits","2134","https://veterancareerpath.com/va-benefits-checklist.html","","392","0","resource_page","keep"
"va-claim-builder.html","VA Disability Rating & Compensation | Veteran Career Path","48","https://veterancareerpath.com/va-disability-rating-schedule.html","noindex,follow","1","1","noindex_or_legacy","excluded from sitemap or redirected"
"va-claims-appeal-guide.html","VA Claims Appeal Guide 2026 | HLR, Supplemental Claim & Board Appeal","2827","https://veterancareerpath.com/va-claims-appeal-guide.html","","391","0","resource_page","keep"
"va-community-care-guide.html","VA Community Care Guide 2026 | MISSION Act Explained","2690","https://veterancareerpath.com/va-community-care-guide.html","","391","0","resource_page","keep"
"va-cp-exam-guide.html","VA C&amp;P Exam Guide 2026 | How to Prepare &amp; What to Expect","2642","https://veterancareerpath.com/va-cp-exam-guide.html","","391","0","resource_page","keep"
"va-debt-overpayment-guide.html","VA Debt & Overpayment Guide 2026 | Waivers, Disputes & Payment Plans","2735","https://veterancareerpath.com/va-debt-overpayment-guide.html","","391","0","resource_page","keep"
"va-disability-benefits-calculator.html","VA Disability Calculator 2026 | VeteranCareerPath","36","https://veterancareerpath.com/va-disability-rating-schedule.html","noindex, nofollow","2","0","noindex_or_legacy","excluded from sitemap or redirected"
"va-disability-claim-checklist.html","VA Disability Claim Checklist 2026 | Step-by-Step","1807","https://veterancareerpath.com/va-disability-claim-checklist.html","","390","0","standard_page","keep"
"va-disability-rating-guide.html","VA Disability Rating Guide 2026 | How Ratings Work","2089","https://veterancareerpath.com/va-disability-rating-guide.html","","390","0","resource_page","keep"
"va-disability-rating-schedule.html","VA Disability Rating Schedule 2026 | VASRD Codes","6783","https://veterancareerpath.com/va-disability-rating-schedule.html","","366","0","standard_page","keep"
"va-home-loan-analyzer.html","VA Home Loan & Housing Analyzer | Veteran Career Path","1961","https://veterancareerpath.com/va-home-loan-analyzer.html","","370","1","standard_page","keep"
"va-home-loan-guide.html","VA Home Loan Guide 2026 | Zero Down Payment","1895","https://veterancareerpath.com/va-home-loan-guide.html","","390","0","resource_page","keep"
"va-presumptive-conditions-pact-act.html","VA Presumptive Conditions & PACT Act 2026 | Full Guide","3022","https://veterancareerpath.com/va-presumptive-conditions-pact-act.html","","391","0","resource_page","keep"
"va-secondary-conditions-guide.html","VA Secondary Service Connection Guide 2026 | Conditions & Filing Tips","2410","https://veterancareerpath.com/va-secondary-conditions-guide.html","","391","0","resource_page","keep"
"vcp-mega-menu.html","","581","","","162","0","standard_page","keep"
"vcp-mega-nav.html","","910","","","364","0","standard_page","keep"
"vermont-veteran-benefits.html","Vermont Veteran Benefits 2026 | State Benefits & Programs","2685","https://veterancareerpath.com/vermont-veteran-benefits.html","","391","0","state_benefits_sources_review","add official current state/VA sources or noindex"
"vet-resources.html","Veteran Resources Directory | VeteranCareerPath","3296","https://veterancareerpath.com/vet-resources.html","","387","55","resource_page","keep"
"veteran-action-verbs.html","Military Action Verbs & Power Nouns for Resumes 2026 | 600+ Words","1930","https://veterancareerpath.com/veteran-action-verbs.html","","364","0","resource_page","keep"
"veteran-ada-accommodations.html","ADA Accommodations for Veterans 2026 | Workplace Rights","2027","https://veterancareerpath.com/veteran-ada-accommodations.html","","392","0","standard_page","keep"
"veteran-apprenticeship-guide.html","Veteran Apprenticeship Guide 2026 | GI Bill + Earn While You Learn","1288","https://veterancareerpath.com/veteran-apprenticeship-guide.html","","59","0","resource_page","keep"
"veteran-aviation-careers.html","Aviation Careers for Veterans 2026 | Commercial Pilot, ATC & Maintenance","2871","https://veterancareerpath.com/veteran-aviation-careers.html","","27","36","resource_page","keep"
"veteran-burial-benefits-guide.html","Veteran Death &amp; Burial Benefits Guide 2026 | DIC, Survivor Benefits, Burial Allowance","5610","https://veterancareerpath.com/veteran-burial-benefits-guide.html","","396","8","resource_page","keep"
"veteran-business-funding.html","Veteran Business & SBA Funding AI | Veteran Career Path","1772","https://veterancareerpath.com/veteran-business-funding.html","","370","1","standard_page","keep"
"veteran-career-builder.html","Redirecting to Veteran Career Builder...","11","https://veterancareerpath.com/app.html","noindex,nofollow","1","0","noindex_or_legacy","excluded from sitemap or redirected"
"veteran-career-path-landing.html","Redirecting...","3","https://veterancareerpath.com/","noindex,nofollow","1","0","noindex_or_legacy","excluded from sitemap or redirected"
"veteran-career-test.html","Free Veteran Career Test | Find Your Match","1228","https://veterancareerpath.com/veteran-career-test.html","","373","2","standard_page","keep"
"veteran-caregiver-support-guide.html","VA Caregiver Support Guide 2026 | PCAFC Stipend &amp; Benefits","2142","https://veterancareerpath.com/veteran-caregiver-support-guide.html","","391","0","resource_page","keep"
"veteran-certification-roadmap.html","Veteran Certification Roadmap 2026 | From MOS to Cert","2552","https://veterancareerpath.com/veteran-certification-roadmap.html","","392","0","standard_page","keep"
"veteran-construction-management-careers.html","Construction Management Careers for Veterans 2026 | Site Supervisor & Project Engineer","2592","https://veterancareerpath.com/veteran-construction-management-careers.html","","65","54","resource_page","keep"
"veteran-cover-letter-examples.html","Veteran Cover Letter Examples 2026 | Templates","2211","https://veterancareerpath.com/veteran-cover-letter-examples.html","","390","0","standard_page","keep"
"veteran-cybersecurity-careers.html","Cybersecurity Careers for Veterans 2026 | Cleared Jobs","2608","https://veterancareerpath.com/veteran-cybersecurity-careers.html","","391","46","resource_page","keep"
"veteran-data-analytics-careers.html","Data Analytics Careers for Veterans 2026 | BI & Data Science","2700","https://veterancareerpath.com/veteran-data-analytics-careers.html","","396","30","resource_page","keep"
"veteran-discounts.html","Veteran Discounts 2026 | 150+ Companies with Military Discounts","3304","https://veterancareerpath.com/veteran-discounts.html","","382","0","standard_page","keep"
"veteran-emergency-assistance.html","Veteran Emergency Assistance 2026 | Financial Help, Housing &amp; Crisis Resources","3714","https://veterancareerpath.com/veteran-emergency-assistance.html","","395","0","resource_page","keep"
"veteran-emergency-management-careers.html","Emergency Management Careers for Veterans 2026 | FEMA, Homeland Security & Disaster Response","2734","https://veterancareerpath.com/veteran-emergency-management-careers.html","","394","45","resource_page","keep"
"veteran-energy-careers.html","Energy Careers for Veterans 2026 | Oil & Gas, Renewables & Utilities","1722","https://veterancareerpath.com/veteran-energy-careers.html","","47","43","resource_page","keep"
"veteran-entrepreneurship.html","Veteran Entrepreneurship Guide 2026 | Start a Business","1578","https://veterancareerpath.com/veteran-entrepreneurship.html","","391","0","resource_page","keep"
"veteran-financial-services-careers.html","Financial Services Careers for Veterans 2026 | Banking, Insurance & Advisory","2207","https://veterancareerpath.com/veteran-financial-services-careers.html","","50","44","resource_page","keep"
"veteran-first-90-days-guide.html","Veteran First 90 Days After Separation 2026 | Day-by-Day Checklist","4077","https://veterancareerpath.com/veteran-first-90-days-guide.html","","419","0","standard_page","keep"
"veteran-forms-directory.html","Veteran Forms Directory | Official VA, DoD & Federal Forms","2074","https://veterancareerpath.com/veteran-forms-directory.html","","364","46","standard_page","keep"
"veteran-freelancing-remote-guide.html","Veteran Freelancing & Remote Work Guide 2026 | SDVOSB, LLC Setup & Platforms","1732","https://veterancareerpath.com/veteran-freelancing-remote-guide.html","","59","0","resource_page","keep"
"veteran-friendly-cities.html","Best Cities for Veterans 2026 | Veteran-Friendly Places","2032","https://veterancareerpath.com/veteran-friendly-cities.html","","390","0","standard_page","keep"
"veteran-government-contractor-careers.html","Government Contractor Careers for Veterans 2026","2786","https://veterancareerpath.com/veteran-government-contractor-careers.html","","391","50","resource_page","keep"
"veteran-healthcare-careers.html","Healthcare Careers for Veterans 2026 | Medic to Civilian","2657","https://veterancareerpath.com/veteran-healthcare-careers.html","","389","44","resource_page","keep"
"veteran-hiring-companies.html","Top 50 Companies Hiring Veterans 2026 | Veteran Employers","1987","https://veterancareerpath.com/veteran-hiring-companies.html","","390","50","standard_page","keep"
"veteran-homeless-assistance.html","Homeless Veteran Assistance | National & State Programs","2648","https://veterancareerpath.com/veteran-homeless-assistance.html","","423","67","standard_page","keep"
"veteran-human-resources-careers.html","Human Resources Careers for Veterans 2026 | HR Manager & Talent Acquisition","2568","https://veterancareerpath.com/veteran-human-resources-careers.html","","47","52","resource_page","keep"
"veteran-intelligence-careers.html","Intelligence &amp; Analysis Careers for Veterans 2026 | CIA, DIA, NSA &amp; Cleared Roles","3204","https://veterancareerpath.com/veteran-intelligence-careers.html","","383","71","resource_page","keep"
"veteran-interview-questions.html","Veteran Interview Questions 2026 | STAR Method Guide","2029","https://veterancareerpath.com/veteran-interview-questions.html","","390","0","resource_page","keep"
"veteran-job-fair-guide.html","Veteran Job Fair Guide 2026 | How to Succeed","1632","https://veterancareerpath.com/veteran-job-fair-guide.html","","390","0","resource_page","keep"
"veteran-law-enforcement-careers.html","Law Enforcement Careers for Veterans 2026 | Police & Fed","2926","https://veterancareerpath.com/veteran-law-enforcement-careers.html","","396","36","resource_page","keep"
"veteran-linkedin-guide.html","LinkedIn for Veterans 2026 | Optimize Your Profile","2142","https://veterancareerpath.com/veteran-linkedin-guide.html","","390","0","standard_page","keep"
"veteran-manufacturing-careers.html","Manufacturing Careers for Veterans 2026 | Production Manager & Quality Control","1755","https://veterancareerpath.com/veteran-manufacturing-careers.html","","50","37","resource_page","keep"
"veteran-mental-health-resources.html","Veteran Mental Health Resources 2026 | Crisis & Support","2091","https://veterancareerpath.com/veteran-mental-health-resources.html","","390","42","resource_page","keep"
"veteran-networking-guide.html","Veteran Networking Guide 2026 | LinkedIn & VSO Network","1698","https://veterancareerpath.com/veteran-networking-guide.html","","390","0","resource_page","keep"
"veteran-project-management-careers.html","Project Management Careers for Veterans 2026 | PMP","2806","https://veterancareerpath.com/veteran-project-management-careers.html","","393","41","resource_page","keep"
"veteran-real-estate-careers.html","Real Estate Careers for Veterans 2026 | Agent & Investor","3099","https://veterancareerpath.com/veteran-real-estate-careers.html","","393","27","resource_page","keep"
"veteran-records-guide.html","Veteran Military Records Guide 2026 | DD-214, Medical Records &amp; OMPF","3569","https://veterancareerpath.com/veteran-records-guide.html","","393","0","resource_page","keep"
"veteran-resume-examples.html","Veteran Resume Examples 2026 | Templates & Samples","1716","https://veterancareerpath.com/veteran-resume-examples.html","","390","0","resource_page","keep"
"veteran-salary-data.html","Veteran Salary Data by MOS 2026 | Crowdsourced Civilian Pay","1171","https://veterancareerpath.com/veteran-salary-data.html","","364","0","standard_page","keep"
"veteran-salary-negotiation-scripts.html","Salary Negotiation for Veterans 2026 | Scripts & Tips","1503","https://veterancareerpath.com/veteran-salary-negotiation-scripts.html","","390","0","standard_page","keep"
"veteran-soft-skills.html","Civilian Soft Skills Training for Veterans | Veteran Career Path","6045","https://veterancareerpath.com/veteran-soft-skills.html","","377","0","standard_page","keep"
"veteran-substance-abuse-resources.html","Veteran Substance Abuse Resources 2026 | Free VA Treatment Programs","3009","https://veterancareerpath.com/veteran-substance-abuse-resources.html","","391","0","resource_page","keep"
"veteran-success-stories.html","Veteran Career Success Stories 2026 | Share Your Transition","1199","https://veterancareerpath.com/veteran-success-stories.html","","364","0","standard_page","keep"
"veteran-supply-chain-careers.html","Supply Chain & Logistics Careers for Veterans 2026 | Procurement & Operations","2456","https://veterancareerpath.com/veteran-supply-chain-careers.html","","52","30","resource_page","keep"
"veteran-tax-guide.html","Veteran Tax Guide 2026 | Military Tax Benefits & Free Filing","2946","https://veterancareerpath.com/veteran-tax-guide.html","","392","0","resource_page","keep"
"veteran-teaching-careers.html","Teaching Careers for Veterans 2026 | Troops to Teachers","3255","https://veterancareerpath.com/veteran-teaching-careers.html","","391","41","resource_page","keep"
"veteran-trade-school-guide.html","Veteran Trade School Guide 2026 | Best Trades, GI Bill Coverage & ROI","1505","https://veterancareerpath.com/veteran-trade-school-guide.html","","59","0","resource_page","keep"
"veteran-trucking-careers.html","Trucking Careers for Veterans 2026 | CDL for Veterans","2212","https://veterancareerpath.com/veteran-trucking-careers.html","","389","33","resource_page","keep"
"veterans-preference-guide.html","Veterans' Preference Guide 2026 | Federal Hiring Points","1808","https://veterancareerpath.com/veterans-preference-guide.html","","390","0","resource_page","keep"
"virginia-veteran-benefits.html","Virginia Veteran Benefits 2026 | V3 & VMSDEP Programs","2664","https://veterancareerpath.com/virginia-veteran-benefits.html","","391","0","state_benefits_sources_review","add official current state/VA sources or noindex"
"vre-chapter31-guide.html","VR&E Chapter 31 Guide 2026 | Vocational Rehabilitation","1905","https://veterancareerpath.com/vre-chapter31-guide.html","","390","0","resource_page","keep"
"washington-dc-veteran-benefits.html","Washington DC Veteran Benefits 2026 | DC DVA & Federal Access","2705","https://veterancareerpath.com/washington-dc-veteran-benefits.html","","391","0","state_benefits_sources_review","add official current state/VA sources or noindex"
"washington-veteran-benefits.html","Washington Veteran Benefits 2026 | Tax-Free & Property Exemptions","2673","https://veterancareerpath.com/washington-veteran-benefits.html","","391","0","state_benefits_sources_review","add official current state/VA sources or noindex"
"west-virginia-veteran-benefits.html","West Virginia Veteran Benefits 2026 | Tax-Free Retirement & Programs","2769","https://veterancareerpath.com/west-virginia-veteran-benefits.html","","391","0","state_benefits_sources_review","add official current state/VA sources or noindex"
"wisconsin-veteran-benefits.html","Wisconsin Veteran Benefits 2026 | Tax-Free Retirement & Programs","2706","https://veterancareerpath.com/wisconsin-veteran-benefits.html","","391","0","state_benefits_sources_review","add official current state/VA sources or noindex"
"wyoming-veteran-benefits.html","Wyoming Veteran Benefits 2026 | Tax-Free & Veteran Programs","2672","https://veterancareerpath.com/wyoming-veteran-benefits.html","","391","0","state_benefits_sources_review","add official current state/VA sources or noindex"
